istat_code,name,residents_2023_01_01
028001,Abano Terme,20260
098001,Abbadia Cerreto,279
097001,Abbadia Lariana,3206
052001,Abbadia San Salvatore,6005
095001,Abbasanta,2585
068001,Abbateggio,361
015002,Abbiategrasso,32492
047023,Abetone Cutigliano,1836
076001,Abriola,1309
088001,Acate,10595
071001,Accadia,2222
004001,Acceglio,157
077001,Accettura,1623
066001,Acciano,263
057001,Accumoli,522
076002,Acerenza,2097
065001,Acerno,2549
063001,Acerra,58473
087001,Aci Bonaccorsi,3517
087002,Aci Castello,17880
087003,Aci Catena,27895
087004,Acireale,50608
087005,Aci Sant'Antonio,18048
060001,Acquafondata,261
078001,Acquaformosa,990
017001,Acquafredda,1525
041001,Acqualagna,4165
019001,Acquanegra Cremonese,1123
020001,Acquanegra sul Chiese,2686
056001,Acquapendente,5271
078002,Acquappesa,1739
102001,Acquaro,1848
044001,Acquasanta Terme,2493
055001,Acquasparta,4415
070001,Acquaviva Collecroce,565
072001,Acquaviva delle Fonti,19952
094001,Acquaviva d'Isernia,369
044002,Acquaviva Picena,3654
085001,Acquaviva Platani,870
083107,Acquedolci,5486
006001,Acqui Terme,19010
078003,Acri,18860
060002,Acuto,1835
072002,Adelfia,16518
087006,Adrano,33930
016001,Adrara San Martino,2153
016002,Adrara San Rocco,806
029001,Adria,18681
017002,Adro,7151
023001,Affi,2434
058001,Affile,1435
063002,Afragola,61930
080001,Africo,2742
033001,Agazzano,1981
063003,Agerola,7714
090001,Aggius,1411
086001,Agira,7669
047002,Agliana,17957
005001,Agliano Terme,1563
001001,Agliè,2568
090062,Aglientu,1168
028002,Agna,3164
019002,Agnadello,3862
080002,Agnana Calabra,467
094002,Agnone,4679
017003,Agnosine,1654
025001,Agordo,4055
058002,Agosta,1706
012001,Agra,393
108001,Agrate Brianza,15576
003001,Agrate Conturbia,1546
084001,Agrigento,55636
065002,Agropoli,21311
042001,Agugliano,4647
024001,Agugliaro,1398
108002,Aicurzio,2090
095002,Aidomaggiore,395
086002,Aidone,4229
066002,Aielli,1406
078004,Aiello Calabro,1410
030001,Aiello del Friuli,2132
064001,Aiello del Sabato,4001
078005,Aieta,756
061001,Ailano,1202
096001,Ailoche,307
001002,Airasca,3669
062001,Airola,8098
008001,Airole,366
097002,Airuno,2856
004002,Aisone,211
022001,Ala,8831
090002,Alà dei Sardi,1765
001003,Ala di Stura,464
018001,Alagna,801
002002,Alagna Valsesia,711
068002,Alanno,3388
025002,Alano di Piave,2700
009001,Alassio,10086
060003,Alatri,27792
004003,Alba,31229
067001,Alba Adriatica,12809
095003,Albagiara,241
015005,Albairate,4735
065003,Albanella,6243
076003,Albano di Lucania,1340
058003,Albano Laziale,39788
016003,Albano Sant'Alessandro,8268
002003,Albano Vercellese,308
018002,Albaredo Arnaboldi,234
023002,Albaredo d'Adige,5246
014001,Albaredo per San Marco,296
034001,Albareto,2087
004004,Albaretto della Torre,218
013003,Albavilla,6347
009002,Albenga,23438
006002,Albera Ligure,305
072003,Alberobello,10268
071002,Alberona,845
013004,Albese con Cassano,4182
024002,Albettone,1979
079002,Albi,788
022002,Albiano,1506
001004,Albiano d'Ivrea,1628
108003,Albiate,6670
078006,Albidona,1143
028003,Albignasego,26906
035001,Albinea,8821
016004,Albino,17480
013005,Albiolo,2719
009004,Albisola Superiore,9597
009003,Albissola Marina,5202
012002,Albizzate,5167
018003,Albonese,536
014002,Albosaggia,2994
005002,Albugnano,497
018004,Albuzzano,3598
081001,Alcamo,44639
083001,Alcara li Fusi,1704
022003,Aldeno,3227
021001,Aldino/Aldein,1627
095004,Ales,1267
006003,Alessandria,91323
078007,Alessandria del Carretto,357
084002,Alessandria della Rocca,2459
075002,Alessano,6044
075003,Alezio,5642
065004,Alfano,952
066003,Alfedena,943
017004,Alfianello,2331
006004,Alfiano Natta,696
039001,Alfonsine,11536
090003,Alghero,42420
016248,Algua,675
083002,Alì,656
082001,Alia,3313
077002,Aliano,881
006005,Alice Bel Colle,680
002004,Alice Castello,2491
061002,Alife,7391
082002,Alimena,1766
082003,Aliminusa,1055
083003,Alì Terme,2319
095005,Allai,357
025003,Alleghe,1100
007001,Allein,208
055002,Allerona,1687
075004,Alliste,6425
058004,Allumiere,3763
006192,Alluvioni Piovera,1616
016005,Almè,5511
016006,Almenno San Bartolomeo,6567
016007,Almenno San Salvatore,5526
001006,Almese,6292
024003,Alonte,1580
025072,Alpago,6615
001007,Alpette,252
001008,Alpignano,16478
033002,Alseno,4689
013006,Alserio,1372
072004,Altamura,70038
009005,Altare,1947
022235,Altavalle,1635
013253,Alta Valle Intelvi,3114
033049,Alta Val Tidone,2909
064002,Altavilla Irpina,3951
082004,Altavilla Milicia,8681
006007,Altavilla Monferrato,392
065005,Altavilla Silentina,6966
024004,Altavilla Vicentina,11882
109001,Altidona,3549
078008,Altilia,680
069001,Altino,3067
024005,Altissimo,2135
026001,Altivole,7007
004005,Alto,149
082005,Altofonte,9852
078009,Altomonte,4016
046001,Altopascio,15874
022236,Altopiano della Vigolana,5121
037062,Alto Reno Terme,6959
002170,Alto Sermenza,145
055003,Alviano,1368
061003,Alvignano,4512
060004,Alvito,2491
016008,Alzano Lombardo,13386
006008,Alzano Scrivia,349
013007,Alzate Brianza,4826
065006,Amalfi,4737
109002,Amandola,3263
078010,Amantea,13844
030002,Amaro,855
079003,Amaroni,1659
060005,Amaseno,4112
079004,Amato,796
057002,Amatrice,2250
016009,Ambivere,2345
022237,Amblar-Don,543
011001,Ameglia,4294
055004,Amelia,11564
078011,Amendolara,2726
003002,Ameno,864
062002,Amorosi,2624
030003,Ampezzo,910
063004,Anacapri,6857
060006,Anagni,20762
067002,Ancarano,1826
042002,Ancona,98950
079005,Andali,636
022005,Andalo,1142
014003,Andalo Valtellino,589
001009,Andezeno,2017
009006,Andora,7266
096002,Andorno Micca,3038
075005,Andrano,4547
001010,Andrate,483
093001,Andreis,242
064003,Andretta,1683
110001,Andria,97346
021002,Andriano/Andrian,1027
090004,Anela,568
017005,Anfo,447
012003,Angera,5383
051001,Anghiari,5389
023003,Angiari,2489
017006,Angolo Terme,2306
065007,Angri,34027
001011,Angrogna,809
058005,Anguillara Sabazia,19072
028004,Anguillara Veneta,4142
019003,Annicco,1974
097003,Annone di Brianza,2284
027001,Annone Veneto,3801
080003,Anoia,2041
016010,Antegnate,3229
021003,Anterivo/Altrei,393
007002,Antey-Saint-André,539
058006,Anticoli Corrado,844
005003,Antignano,944
083004,Antillo,807
080004,Antonimina,1179
057003,Antrodoco,2333
103001,Antrona Schieranco,406
066004,Anversa degli Abruzzi,313
013009,Anzano del Parco,1728
071003,Anzano di Puglia,1088
076004,Anzi,1533
058007,Anzio,59250
037001,Anzola dell'Emilia,12398
103002,Anzola d'Ossola,373
007003,Aosta,33154
041002,Apecchio,1705
062003,Apice,5291
043002,Apiro,2040
062004,Apollosa,2477
013010,Appiano Gentile,7706
021004,Appiano sulla strada del vino/Eppan an der Weinstraße,14809
043003,Appignano,4056
044005,Appignano del Tronto,1663
014004,Aprica,1469
008002,Apricale,625
071004,Apricena,12568
078012,Aprigliano,2385
059001,Aprilia,74277
065008,Aquara,1340
008003,Aquila d'Arroscia,142
030004,Aquileia,3132
064004,Aquilonia,1463
060007,Aquino,4952
075006,Aradeo,8892
084003,Aragona,8774
005004,Aramengo,576
093002,Arba,1280
095006,Arborea,3746
002006,Arborio,821
111001,Arbus,5741
026002,Arcade,4502
060008,Arce,5405
016011,Arcene,4935
042003,Arcevia,4242
069002,Archi,1992
053001,Arcidosso,4201
058008,Arcinazzo Romano,1239
012004,Arcisate,9939
022006,Arco,17759
011002,Arcola,10169
023004,Arcole,6364
015007,Arconate,6771
108004,Arcore,17882
024006,Arcugnano,7671
090005,Ardara,730
095007,Ardauli,764
058117,Ardea,49719
014005,Ardenno,3220
016012,Ardesio,3317
080005,Ardore,4839
102002,Arena,1279
018005,Arena Po,1502
010001,Arenzano,11076
015009,Arese,19556
051002,Arezzo,96535
013011,Argegno,689
037002,Argelato,9648
038001,Argenta,20958
004006,Argentera,80
004007,Arguello,200
079007,Argusto,444
069003,Ari,1074
064005,Ariano Irpino,21057
029002,Ariano nel Polesine,3907
058009,Ariccia,18055
069004,Arielli,1070
061004,Arienzo,5324
001012,Arignano,1087
091001,Aritzo,1201
103003,Arizzano,1968
056002,Arlena di Castro,842
015010,Arluno,12367
003006,Armeno,2082
076005,Armento,552
008004,Armo,117
111002,Armungia,418
007004,Arnad,1232
060009,Arnara,2199
009007,Arnasco,554
075007,Arnesano,3928
103004,Arola,239
003008,Arona,13731
013012,Arosio,5163
062005,Arpaia,2001
062006,Arpaise,735
060010,Arpino,6685
028005,Arquà Petrarca,1816
029003,Arquà Polesine,2578
044006,Arquata del Tronto,975
006009,Arquata Scrivia,6265
028006,Arre,2091
055005,Arrone,2557
012005,Arsago Seprio,4768
025004,Arsiè,2191
024007,Arsiero,3023
067003,Arsita,733
058010,Arsoli,1378
030005,Arta Terme,2049
030006,Artegna,2892
058011,Artena,13663
017007,Artogne,3582
007005,Arvier,820
090006,Arzachena,13399
016013,Arzago d'Adda,2731
091002,Arzana,2232
063005,Arzano,32057
028007,Arzergrande,4798
024008,Arzignano,25355
065009,Ascea,5792
052002,Asciano,6799
044007,Ascoli Piceno,45664
071005,Ascoli Satriano,5870
057004,Ascrea,213
024009,Asiago,6301
024010,Asigliano Veneto,833
002007,Asigliano Vercellese,1366
020002,Asola,9901
026003,Asolo,8948
015011,Assago,9236
092003,Assemini,25926
054001,Assisi,27671
013013,Asso,3544
095008,Assolo,342
086003,Assoro,4835
005005,Asti,73691
095009,Asuni,303
066005,Ateleta,1105
076006,Atella,3660
065010,Atena Lucana,2360
069005,Atessa,10349
060011,Atina,4144
065011,Atrani,798
067004,Atri,10012
064006,Atripalda,10402
055006,Attigliano,1963
030007,Attimis,1652
091003,Atzara,1002
089001,Augusta,34718
065012,Auletta,2132
045001,Aulla,10690
103005,Aurano,102
008005,Aurigo,331
025005,Auronzo di Cadore,3069
060012,Ausonia,2425
091004,Austis,744
010002,Avegno,2584
021005,Avelengo/Hafling,797
064007,Avella,7528
064008,Avellino,52250
016014,Averara,180
061005,Aversa,49815
073001,Avetrana,6276
066006,Avezzano,40806
093004,Aviano,8958
016015,Aviatico,567
001013,Avigliana,12367
076007,Avigliano,10627
055033,Avigliano Umbro,2363
022007,Avio,4101
007006,Avise,301
089002,Avola,30468
006010,Avolasca,257
007007,Ayas,1364
007008,Aymavilles,2098
001014,Azeglio,1227
019004,Azzanello,617
005006,Azzano d'Asti,389
093005,Azzano Decimo,15712
017008,Azzano Mella,3418
016016,Azzano San Paolo,7583
012006,Azzate,4616
012007,Azzio,758
016017,Azzone,358
103006,Baceno,876
063006,Bacoli,25344
008006,Badalucco,1075
090081,Badesi,1822
021006,Badia/Abtei,3525
023005,Badia Calavena,2596
018006,Badia Pavese,396
029004,Badia Polesine,10087
051003,Badia Tedalda,971
079008,Badolato,2855
080006,Bagaladi,953
082006,Bagheria,53107
039002,Bagnacavallo,16399
080007,Bagnara Calabra,9291
039003,Bagnara di Romagna,2390
018007,Bagnaria,641
030008,Bagnaria Arsa,3440
004008,Bagnasco,961
016018,Bagnatica,4485
046002,Bagni di Lucca,5606
048001,Bagno a Ripoli,25207
040001,Bagno di Romagna,5601
094003,Bagnoli del Trigno,636
028008,Bagnoli di Sopra,3395
064009,Bagnoli Irpino,3028
019005,Bagnolo Cremasco,4952
075008,Bagnolo del Salento,1759
029005,Bagnolo di Po,1241
035002,Bagnolo in Piano,9592
017009,Bagnolo Mella,12487
004009,Bagnolo Piemonte,5832
020003,Bagnolo San Vito,5893
045002,Bagnone,1677
056003,Bagnoregio,3395
017010,Bagolino,3767
061006,Baia e Latina,2016
064010,Baiano,4451
001015,Bairo,794
035003,Baiso,3217
008007,Bajardo,382
001016,Balangero,3057
005007,Baldichieri d'Asti,1113
001017,Baldissero Canavese,514
004010,Baldissero d'Alba,1051
001018,Baldissero Torinese,3777
082007,Balestrate,6232
009008,Balestrino,530
097004,Ballabio,4159
111003,Ballao,719
001019,Balme,104
002008,Balmuccia,108
002009,Balocco,218
066007,Balsorano,3276
076008,Balvano,1726
006011,Balzola,1242
090007,Banari,515
001020,Banchette,3095
103007,Bannio Anzino,454
076009,Banzi,1167
028009,Baone,3065
095010,Baradili,78
076010,Baragiano,2494
070002,Baranello,2496
063007,Barano d'Ischia,9988
015250,Baranzate,11837
012008,Barasso,1644
095011,Baratili San Pietro,1220
001021,Barbania,1566
042004,Barbara,1271
024124,Barbarano Mossano,6183
056004,Barbarano Romano,1002
004011,Barbaresco,594
017011,Barbariga,2330
016019,Barbata,698
048002,Barberino di Mugello,10938
048054,Barberino Tavarnelle,11910
018008,Barbianello,869
021007,Barbiano/Barbian,1743
028010,Barbona,588
083005,Barcellona Pozzo di Gotto,39981
093006,Barcis,220
007009,Bard,108
012144,Bardello con Malgesso e Bregano,3610
034002,Bardi,2016
009009,Bardineto,751
023006,Bardolino,6947
001022,Bardonecchia,3018
015012,Bareggio,17235
003012,Barengo,715
095012,Baressa,559
066008,Barete,614
046003,Barga,9449
010003,Bargagli,2560
004012,Barge,7398
017012,Barghe,1137
072006,Bari,316736
016020,Bariano,4215
037003,Baricella,7087
076011,Barile,2578
091005,Bari Sardo,3837
066009,Barisciano,1659
108005,Barlassina,6849
110002,Barletta,92627
013015,Barni,577
004013,Barolo,638
001023,Barone Canavese,553
065013,Baronissi,16838
086004,Barrafranca,11817
111004,Barrali,1101
066010,Barrea,707
111005,Barumini,1157
097005,Barzago,2369
016021,Barzana,2016
097006,Barzanò,5003
097007,Barzio,1258
006012,Basaluzzo,2011
018009,Bascapè,1785
055007,Baschi,2580
067005,Basciano,2333
022009,Baselga di Pinè,5131
062007,Baselice,2095
015014,Basiano,3681
083006,Basicò,597
015015,Basiglio,7980
030009,Basiliano,5211
017013,Bassano Bresciano,2334
024012,Bassano del Grappa,42470
056006,Bassano in Teverina,1267
056005,Bassano Romano,4606
059002,Bassiano,1441
006013,Bassignana,1534
004014,Bastia Mondovì,629
054002,Bastia Umbra,21267
018011,Bastida Pancarana,925
036001,Bastiglia,4192
028011,Battaglia Terme,3772
004015,Battifollo,228
065014,Battipaglia,49545
018012,Battuda,660
082008,Baucina,1852
095013,Bauladu,632
091006,Baunei,3437
103008,Baveno,4679
012010,Bedero Valcuvia,678
017014,Bedizzole,12245
022011,Bedollo,1481
034003,Bedonia,3125
016022,Bedulita,702
103009,Bee,787
001024,Beinasco,17415
004016,Beinette,3490
079009,Belcastro,1230
023007,Belfiore,3308
041005,Belforte all'Isauro,735
043004,Belforte del Chienti,1827
006014,Belforte Monferrato,497
018013,Belgioioso,6392
103010,Belgirate,474
076012,Bella,4707
013250,Bellagio,3573
097008,Bellano,3426
067006,Bellante,6862
099001,Bellaria-Igea Marina,19468
058012,Bellegra,2643
004017,Bellino,100
015016,Bellinzago Lombardo,3828
003016,Bellinzago Novarese,9400
065158,Bellizzi,13288
061007,Bellona,5990
065015,Bellosguardo,684
025006,Belluno,35549
108006,Bellusco,7421
078013,Belmonte Calabro,1751
060013,Belmonte Castello,677
094004,Belmonte del Sannio,638
057005,Belmonte in Sabina,630
082009,Belmonte Mezzagno,10893
109003,Belmonte Piceno,573
087007,Belpasso,28040
078014,Belsito,889
101001,Belvedere di Spinello,1947
004018,Belvedere Langhe,330
078015,Belvedere Marittimo,8927
042005,Belvedere Ostrense,2096
005008,Belveglio,308
091007,Belvì,555
014006,Bema,116
013021,Bene Lario,351
080008,Benestare,2461
090008,Benetutti,1683
004019,Bene Vagienna,3650
004020,Benevello,470
062008,Benevento,56336
096003,Benna,1132
037005,Bentivoglio,5714
016023,Berbenno,2446
014007,Berbenno di Valtellina,4053
034004,Berceto,1967
090009,Berchidda,2605
013022,Beregazzo con Figliaro,2814
018014,Bereguardo,2886
006015,Bergamasco,689
016024,Bergamo,119809
029006,Bergantino,2401
009010,Bergeggi,1051
004021,Bergolo,56
017015,Berlingo,2755
077003,Bernalda,11991
108007,Bernareggio,11461
015019,Bernate Ticino,2950
004022,Bernezzo,4220
040003,Bertinoro,11046
030010,Bertiolo,2353
098002,Bertonico,1069
005009,Berzano di San Pietro,419
006016,Berzano di Tortona,152
017016,Berzo Demo,1505
017017,Berzo Inferiore,2450
016025,Berzo San Fermo,1408
108008,Besana in Brianza,15436
012011,Besano,2522
015022,Besate,2052
022013,Besenello,2783
033003,Besenzone,919
012012,Besnate,5486
012013,Besozzo,8745
090010,Bessude,383
033004,Bettola,2603
054003,Bettona,4225
103011,Beura-Cardezza,1418
054004,Bevagna,4793
011003,Beverino,2261
023008,Bevilacqua,1773
087008,Biancavilla,22975
078016,Bianchi,1183
080009,Bianco,4224
003018,Biandrate,1323
012014,Biandronno,3165
016026,Bianzano,612
002011,Bianzè,1866
014008,Bianzone,1256
108009,Biassono,12332
035004,Bibbiano,10171
051004,Bibbiena,11886
049001,Bibbona,3181
001025,Bibiana,3368
071006,Biccari,2630
030011,Bicinicco,1803
095014,Bidonì,126
096004,Biella,42677
017018,Bienno,3771
022015,Bieno,466
050001,Bientina,8616
013023,Binago,4835
015024,Binasco,7095
072008,Binetto,2127
096005,Bioglio,892
007010,Bionaz,221
017019,Bione,1305
091008,Birori,496
064011,Bisaccia,3544
082010,Bisacquino,4126
110003,Bisceglie,53664
066011,Bisegna,216
067007,Bisenti,1682
078017,Bisignano,9518
006017,Bistagno,1742
012015,Bisuschio,4279
072010,Bitetto,11763
072011,Bitonto,53282
072012,Bitritto,11329
091009,Bitti,2584
084004,Bivona,3214
080010,Bivongi,1166
013024,Bizzarone,1760
022017,Bleggio Superiore,1520
016027,Blello,71
056007,Blera,2981
013025,Blessagno,296
013026,Blevio,1082
082082,Blufi,875
028012,Boara Pisani,2385
033005,Bobbio,3410
001026,Bobbio Pellice,535
003019,Boca,1144
078018,Bocchigliero,1053
002014,Boccioleto,165
022018,Bocenago,395
012016,Bodio Lomnago,2244
098003,Boffalora d'Adda,1731
015026,Boffalora sopra Ticino,4113
010004,Bogliasco,4420
103012,Bognanco,177
003021,Bogogno,1294
009011,Boissano,2552
070003,Bojano,7442
011004,Bolano,7452
016028,Bolgare,6615
015027,Bollate,36279
001027,Bollengo,2108
037006,Bologna,389200
068003,Bolognano,1011
082011,Bolognetta,4098
043005,Bolognola,142
091010,Bolotana,2362
056008,Bolsena,3711
016029,Boltiere,6258
021008,Bolzano/Bozen,106410
003022,Bolzano Novarese,1133
024013,Bolzano Vicentino,6493
056009,Bomarzo,1679
069006,Bomba,720
085002,Bompensiere,490
082012,Bompietro,1201
036002,Bomporto,10167
095015,Bonarcado,1525
011005,Bonassola,794
016030,Bonate Sopra,10367
016031,Bonate Sotto,6687
023009,Bonavigo,2008
038003,Bondeno,13821
022021,Bondone,641
062009,Bonea,1385
070004,Bonefro,1196
019006,Bonemerse,1456
078019,Bonifati,2600
064012,Bonito,2219
090011,Bonnanaro,920
090012,Bono,3319
090013,Bonorva,3178
004023,Bonvicino,97
057006,Borbona,573
025007,Borca di Cadore,840
030012,Bordano,707
008008,Bordighera,10193
019007,Bordolano,551
034005,Bore,646
035005,Boretto,5265
018015,Borgarello,2693
001028,Borgaro Torinese,11769
082013,Borgetto,7085
008009,Borghetto d'Arroscia,400
006018,Borghetto di Borbera,1920
011006,Borghetto di Vara,869
098004,Borghetto Lodigiano,4338
009012,Borghetto Santo Spirito,4605
040004,Borghi,2884
079011,Borgia,7201
001029,Borgiallo,581
009013,Borgio Verezzi,2059
046004,Borgo a Mozzano,6690
020073,Borgocarbonara,1854
022238,Borgo Chiese,1932
002015,Borgo d'Ale,2214
022252,Borgo d'Anaunia,2515
016032,Borgo di Terzo,1196
001030,Borgofranco d'Ivrea,3496
022239,Borgo Lares,715
003023,Borgolavezzaro,2001
004024,Borgomale,375
003024,Borgomanero,21282
020072,Borgo Mantovano,5351
008010,Borgomaro,817
001031,Borgomasino,761
103078,Borgomezzavalle,292
001032,Borgone Susa,2158
033006,Borgonovo Val Tidone,8113
041006,Borgo Pace,518
018016,Borgo Priolo,1286
006019,Borgoratto Alessandrino,544
018017,Borgoratto Mormorolo,395
028013,Borgoricco,8983
057007,Borgorose,4228
004025,Borgo San Dalmazzo,12528
017020,Borgo San Giacomo,5420
098005,Borgo San Giovanni,2485
048004,Borgo San Lorenzo,18169
006020,Borgo San Martino,1337
018018,Borgo San Siro,943
017021,Borgosatollo,9100
002016,Borgosesia,12098
003025,Borgo Ticino,5172
037007,Borgo Tossignano,3200
025074,Borgo Valbelluna,13425
034006,Borgo Val di Taro,6724
022022,Borgo Valsugana,7035
057008,Borgo Velino,925
028107,Borgo Veneto,7024
002017,Borgo Vercelli,2258
020071,Borgo Virgilio,14935
009014,Bormida,327
014009,Bormio,3966
018019,Bornasco,2674
017022,Borno,2436
095016,Boroneddu,150
091011,Borore,1953
069007,Borrello,337
096006,Borriana,860
026004,Borso del Grappa,5876
091012,Bortigali,1229
090014,Bortigiadas,714
090015,Borutta,254
010005,Borzonasca,1831
095079,Bosa,7488
029007,Bosaro,1424
023010,Boschi Sant'Anna,1351
023011,Bosco Chiesanuova,3544
006021,Bosco Marengo,2204
001033,Bosconero,3086
063008,Boscoreale,26062
063009,Boscotrecase,9832
004026,Bosia,169
006022,Bosio,1038
097009,Bosisio Parini,3289
018020,Bosnasco,623
016033,Bossico,967
004027,Bossolasco,648
079012,Botricello,5010
075009,Botrugno,2630
016034,Bottanuco,5100
017023,Botticino,10711
090016,Bottidda,648
080011,Bova,419
080012,Bovalino,8661
080013,Bova Marina,4165
017024,Bovegno,2017
004028,Boves,9620
017025,Bovezzo,7308
060014,Boville Ernica,8370
071007,Bovino,2971
108010,Bovisio-Masciago,16794
028014,Bovolenta,3444
023012,Bovolone,16122
006023,Bozzole,330
020007,Bozzolo,4063
004029,Bra,29572
016035,Bracca,719
058013,Bracciano,18485
065016,Bracigliano,5336
021009,Braies/Prags,683
018021,Brallo di Pregola,487
080014,Brancaleone,3275
017026,Brandico,1733
001034,Brandizzo,8681
016036,Branzi,640
017027,Braone,690
012017,Brebbia,3137
026005,Breda di Piave,7701
024014,Breganze,8367
013028,Bregnano,6420
016037,Brembate,8582
016038,Brembate di Sopra,7937
098006,Brembio,2683
018022,Breme,699
024015,Brendola,6677
013029,Brenna,2181
021010,Brennero/Brenner,2332
017028,Breno,4643
012019,Brenta,1727
023013,Brentino Belluno,1365
022025,Brentonico,4077
023014,Brenzone sul Garda,2447
035006,Brescello,5635
017029,Brescia,197236
022026,Bresimo,248
018023,Bressana Bottarone,3463
021011,Bressanone/Brixen,22869
024016,Bressanvido,3157
015032,Bresso,26073
012020,Brezzo di Bedero,1226
004030,Briaglia,313
102003,Briatico,3732
001035,Bricherasio,4622
013030,Brienno,328
076013,Brienza,3869
004031,Briga Alta,42
003026,Briga Novarese,2762
006024,Brignano-Frascata,422
016040,Brignano Gera d'Adda,6111
074001,Brindisi,82883
076014,Brindisi Montagna,791
012021,Brinzio,769
003027,Briona,1108
017030,Brione,749
108011,Briosco,6077
039004,Brisighella,7195
012022,Brissago-Valtravaglia,1273
007011,Brissogne,965
068004,Brittoli,258
097010,Brivio,4412
060015,Broccostella,2686
024017,Brogliano,4010
102004,Brognaturo,655
083007,Brolo,5752
004032,Brondello,261
018024,Broni,9664
087009,Bronte,18275
021012,Bronzolo/Branzoll,2726
004033,Brossasco,1001
001036,Brosso,391
103013,Brovello-Carpugnino,765
001037,Brozolo,448
108012,Brugherio,35118
028015,Brugine,7167
011007,Brugnato,1285
093007,Brugnera,9239
001038,Bruino,8464
016041,Brumano,124
013032,Brunate,1589
012023,Brunello,942
021013,Brunico/Bruneck,17009
005010,Bruno,298
016042,Brusaporto,5653
001039,Brusasco,1483
063010,Brusciano,15913
012024,Brusimpiano,1178
096007,Brusnengo,1958
007012,Brusson,848
001040,Bruzolo,1491
080015,Bruzzano Zeffirio,1048
015035,Bubbiano,2479
005011,Bubbio,809
089003,Buccheri,1734
069008,Bucchianico,4953
062010,Bucciano,1966
015036,Buccinasco,26852
065017,Buccino,4573
051005,Bucine,9952
090017,Buddusò,3614
093008,Budoia,2475
090091,Budoni,5434
037008,Budrio,18255
111006,Buggerru,1052
047003,Buggiano,8746
014010,Buglio in Monte,1983
066012,Bugnara,1023
012025,Buguggiate,3089
030013,Buja,6327
097011,Bulciago,2918
013034,Bulgarograsso,4009
090018,Bultei,829
090019,Bulzi,452
065018,Buonabitacolo,2406
062011,Buonalbergo,1535
052003,Buonconvento,2989
078020,Buonvicino,2005
108013,Burago di Molgora,4241
111007,Burcei,2629
084005,Burgio,2505
090020,Burgos,852
001041,Buriasco,1339
001042,Burolo,1114
002021,Buronzo,859
095017,Busachi,1153
010006,Busalla,5104
001043,Busano,1591
004034,Busca,10152
015038,Buscate,4600
089004,Buscemi,948
081002,Buseto Palizzolo,2771
108051,Busnago,6845
015040,Bussero,8375
034007,Busseto,6765
068005,Bussi sul Tirino,2268
070005,Busso,1174
023015,Bussolengo,20716
001044,Bussoleno,5620
012026,Busto Arsizio,83054
015041,Busto Garolfo,14025
085003,Butera,4177
050002,Buti,5554
023016,Buttapietra,6971
001045,Buttigliera Alta,6229
005012,Buttigliera d'Asti,2532
030014,Buttrio,3904
006025,Cabella Ligure,464
013035,Cabiate,7347
095018,Cabras,8749
082014,Caccamo,7681
101002,Caccuri,1538
012027,Cadegliano-Viconago,2165
035008,Cadelbosco di Sopra,10646
033007,Cadeo,5968
022029,Caderzone Terme,691
028016,Cadoneghe,15846
013036,Cadorago,7998
012143,Cadrezzate con Osmate,2664
026006,Caerano di San Marco,7831
001046,Cafasse,3322
065019,Caggiano,2521
041007,Cagli,7955
092009,Cagliari,148296
013037,Caglio,493
066013,Cagnano Amiterno,1123
071008,Cagnano Varano,6612
061008,Caianello,1754
061009,Caiazzo,5211
021014,Caines/Kuens,385
017031,Caino,2161
014011,Caiolo,1049
064013,Cairano,275
012029,Cairate,7746
009015,Cairo Montenotte,12706
063011,Caivano,36049
064014,Calabritto,2142
025008,Calalzo di Cadore,1838
005013,Calamandrana,1657
084006,Calamonaci,1158
090021,Calangianus,3815
080016,Calanna,761
103014,Calasca-Castiglione,604
086005,Calascibetta,4072
066014,Calascio,125
111008,Calasetta,2779
087010,Calatabiano,5128
081003,Calatafimi-Segesta,6138
056010,Calcata,902
022032,Calceranica al Lago,1395
050003,Calci,6308
077004,Calciano,664
050004,Calcinaia,12750
016043,Calcinate,6140
017032,Calcinato,12897
016044,Calcio,5431
097012,Calco,5410
043006,Caldarola,1602
021015,Caldaro sulla strada del vino/Kaltern an der Weinstraße,8147
037009,Calderara di Reno,13526
022033,Caldes,1103
023017,Caldiero,7959
024018,Caldogno,11305
022034,Caldonazzo,3911
033008,Calendasco,2413
048005,Calenzano,18099
034008,Calestano,2062
011008,Calice al Cornoviglio,1079
009016,Calice Ligure,1691
075010,Calimera,6722
064015,Calitri,4250
009017,Calizzano,1417
096008,Callabiana,140
022035,Calliano,2050
005014,Calliano Monferrato,1207
097013,Calolziocorte,13554
078021,Calopezzati,1269
005015,Calosso,1121
078022,Caloveto,1106
084007,Caltabellotta,3199
087011,Caltagirone,35827
085004,Caltanissetta,58861
082015,Caltavuturo,3558
003030,Caltignaga,2492
029008,Calto,664
024019,Caltrano,2491
016046,Calusco d'Adda,8252
001047,Caluso,7372
017033,Calvagese della Riviera,3671
065020,Calvanico,1394
019009,Calvatone,1162
076015,Calvello,1779
024020,Calvene,1282
016047,Calvenzano,4338
076016,Calvera,353
062012,Calvi,2495
055008,Calvi dell'Umbria,1695
018025,Calvignano,106
015042,Calvignasco,1210
061010,Calvi Risorta,5478
017034,Calvisano,8374
063012,Calvizzano,12443
006026,Camagna Monferrato,469
046005,Camaiore,31914
096009,Camandona,309
084008,Camastra,2007
015044,Cambiago,7133
001048,Cambiano,5888
103015,Cambiasca,1588
096010,Camburzano,1108
004035,Camerana,571
042006,Camerano,7096
005016,Camerano Casasco,405
016048,Camerata Cornello,558
058014,Camerata Nuova,403
042007,Camerata Picena,2488
003032,Cameri,10665
043007,Camerino,6164
065021,Camerota,6871
061011,Camigliano,1991
080017,Camini,773
006027,Camino,733
030015,Camino al Tagliamento,1546
019010,Camisano,1242
024021,Camisano Vicentino,11141
084009,Cammarata,5919
010007,Camogli,4998
065022,Campagna,16684
027002,Campagna Lupia,7142
058015,Campagnano di Roma,11016
053002,Campagnatico,2353
019011,Campagnola Cremasca,659
035009,Campagnola Emilia,5504
078023,Campana,1472
108014,Camparada,2151
035010,Campegine,5313
054005,Campello sul Clitunno,2316
002025,Campertogno,218
048006,Campi Bisenzio,47676
096086,Campiglia Cervo,512
024022,Campiglia dei Berici,1661
049002,Campiglia Marittima,12461
001049,Campiglione Fenile,1328
013040,Campione d'Italia,1775
075011,Campi Salentina,9808
022036,Campitello di Fassa,710
067008,Campli,6569
070006,Campobasso,47313
084010,Campobello di Licata,9103
081004,Campobello di Mazara,11404
080018,Campo Calabro,4459
070007,Campochiaro,593
028017,Campodarsego,15078
022037,Campodenno,1503
066015,Campo di Giove,747
059003,Campodimele,564
070008,Campodipietra,2437
021016,Campo di Trens/Freienfeld,2679
014012,Campodolcino,936
028018,Campodoro,2613
082016,Campofelice di Fitalia,452
082017,Campofelice di Roccella,7689
109004,Campofilone,1899
082018,Campofiorito,1139
030016,Campoformido,7859
085005,Campofranco,2669
036003,Campogalliano,8524
062013,Campolattaro,971
060016,Campoli Appennino,1615
062014,Campoli del Monte Taburno,1542
070009,Campolieto,849
010008,Campo Ligure,2783
027003,Campolongo Maggiore,10741
030138,Campolongo Tapogliano,1093
076017,Campomaggiore,718
070010,Campomarino,7778
010009,Campomorone,6481
049003,Campo nell'Elba,4721
027004,Camponogara,12985
065023,Campora,324
082019,Camporeale,2998
046006,Camporgiano,2005
008011,Camporosso,5608
043008,Camporotondo di Fiastrone,488
087012,Camporotondo Etneo,5219
028019,Camposampiero,11854
028020,Campo San Martino,5617
063013,Camposano,5077
036004,Camposanto,3300
018026,Campospinoso,1093
066016,Campotosto,457
021017,Campo Tures/Sand in Taufers,5727
037010,Camugnano,1831
004037,Canale,5495
025023,Canale d'Agordo,1055
058016,Canale Monterano,4175
022038,Canal San Bovo,1477
029009,Canaro,2578
022039,Canazei,1826
076018,Cancellara,1142
061012,Cancello ed Arnone,5600
029010,Canda,832
071009,Candela,2519
096012,Candelo,7247
001050,Candia Canavese,1202
018027,Candia Lomellina,1457
028021,Candiana,2199
064016,Candida,1098
080019,Candidoni,409
001051,Candiolo,5599
015046,Canegrate,12515
005017,Canelli,10057
056011,Canepina,2921
093009,Caneva,6264
084011,Canicattì,34491
089005,Canicattini Bagni,6537
056012,Canino,5036
001052,Canischio,280
066017,Canistro,909
078024,Canna,630
065024,Cannalonga,950
054006,Cannara,4184
103016,Cannero Riviera,911
018029,Canneto Pavese,1288
020008,Canneto sull'Oglio,4267
103017,Cannobio,5038
075012,Cannole,1608
080020,Canolo,700
016049,Canonica d'Adda,4224
110004,Canosa di Puglia,27998
069010,Canosa Sannita,1269
004038,Canosio,78
035018,Canossa,3766
066018,Cansano,218
100001,Cantagallo,3109
057009,Cantalice,2452
001053,Cantalupa,2561
057010,Cantalupo in Sabina,1661
006028,Cantalupo Ligure,444
094005,Cantalupo nel Sannio,717
005018,Cantarana,981
012030,Cantello,4740
058017,Canterano,368
041008,Cantiano,2006
001054,Cantoira,623
013041,Cantù,39757
067009,Canzano,1787
013042,Canzo,5068
027005,Caorle,11142
033010,Caorso,4717
065025,Capaccio Paestum,22278
082020,Capaci,11359
053003,Capalbio,3864
050005,Capannoli,6394
046007,Capannori,46356
058018,Capena,10754
019012,Capergnanica,2148
066019,Capestrano,833
013043,Capiago Intimiano,5478
102005,Capistrano,970
066020,Capistrello,4795
066021,Capitignano,624
083008,Capizzi,2843
016050,Capizzone,1216
056013,Capodimonte,1670
017035,Capo di Ponte,2323
083009,Capo d'Orlando,13074
061013,Capodrise,10046
049004,Capoliveri,3908
051006,Capolona,5224
108052,Caponago,5143
066022,Caporciano,202
064017,Caposele,3260
092011,Capoterra,23181
017036,Capovalle,338
066023,Cappadocia,576
019013,Cappella Cantone,556
019014,Cappella de' Picenardi,426
026007,Cappella Maggiore,4643
068006,Cappelle sul Tavo,4016
094006,Capracotta,799
048008,Capraia e Limite,7875
049005,Capraia Isola,370
019015,Capralba,2302
056014,Capranica,6339
058019,Capranica Prenestina,307
075013,Caprarica di Lecce,2283
056015,Caprarola,5163
004039,Caprauna,88
051007,Caprese Michelangelo,1342
103018,Caprezzo,174
063014,Capri,6832
022040,Capriana,585
017037,Capriano del Colle,4713
006029,Capriata d'Orba,1769
016051,Capriate San Gervasio,8162
061014,Capriati a Volturno,1457
001055,Caprie,2045
064018,Capriglia Irpina,2266
005019,Capriglio,304
096013,Caprile,192
083010,Capri Leone,4364
016052,Caprino Bergamasco,3041
023018,Caprino Veronese,8715
017038,Capriolo,9415
031001,Capriva del Friuli,1637
061015,Capua,17671
072014,Capurso,15239
080021,Caraffa del Bianco,457
079017,Caraffa di Catanzaro,1749
004040,Caraglio,6755
004041,Caramagna Piemonte,3063
068007,Caramanico Terme,1782
071010,Carapelle,7035
066024,Carapelle Calvisio,79
010010,Carasco,3738
044010,Carassai,975
108015,Carate Brianza,17832
013044,Carate Urio,1126
016053,Caravaggio,16182
012031,Caravate,2541
001056,Caravino,901
008012,Caravonica,253
056016,Carbognano,1943
018030,Carbonara al Ticino,1431
063015,Carbonara di Nola,2463
006030,Carbonara Scrivia,1128
013045,Carbonate,2909
076019,Carbone,517
026008,Carbonera,11236
111009,Carbonia,26309
009018,Carcare,5217
028022,Carceri,1473
002029,Carcoforo,71
012032,Cardano al Campo,14708
004042,Cardè,1123
091103,Cardedu,1943
080022,Cardeto,1324
079018,Cardinale,1826
063016,Cardito,21601
046008,Careggine,510
001057,Carema,752
097014,Carenno,1382
006031,Carentino,330
080023,Careri,2126
002030,Caresana,1035
002031,Caresanablot,1090
006032,Carezzano,428
101003,Carfizzi,517
090022,Cargeghe,585
078025,Cariati,7479
064019,Carife,1281
001058,Carignano,9078
013046,Carimate,4368
061016,Carinaro,7114
082021,Carini,39778
061017,Carinola,7176
002032,Carisio,765
022042,Carisolo,940
071011,Carlantino,806
013047,Carlazzo,3189
089006,Carlentini,17084
030018,Carlino,2668
111010,Carloforte,5937
079020,Carlopoli,1387
001059,Carmagnola,28234
075014,Carmiano,11663
100002,Carmignano,14623
028023,Carmignano di Brenta,7420
012033,Carnago,6567
108016,Carnate,7688
016055,Carobbio degli Angeli,4833
078026,Carolei,3113
016056,Carona,285
083011,Caronia,3058
012034,Caronno Pertusella,18185
012035,Caronno Varesino,4796
073002,Carosino,6580
074002,Carovigno,16964
094007,Carovilli,1244
033011,Carpaneto Piacentino,7663
078027,Carpanzano,205
041009,Carpegna,1640
017039,Carpenedolo,12990
006033,Carpeneto,890
036005,Carpi,72013
015050,Carpiano,4135
075015,Carpignano Salentino,3641
003036,Carpignano Sesia,2441
035011,Carpineti,3898
068008,Carpineto della Nora,536
058020,Carpineto Romano,4029
069011,Carpineto Sinello,502
071012,Carpino,3805
094008,Carpinone,1035
045003,Carrara,59986
024024,Carrè,3507
006034,Carrega Ligure,86
011009,Carro,485
011010,Carrodano,473
006035,Carrosio,488
004043,Carrù,4381
066025,Carsoli,5025
024025,Cartigliano,3684
004044,Cartignano,172
041010,Cartoceto,8008
006036,Cartosio,718
028026,Cartura,4571
015051,Carugate,15725
013048,Carugo,6580
069012,Carunchio,567
016057,Carvico,4650
022043,Carzano,510
101004,Casabona,2314
070011,Casacalenda,1856
069013,Casacanditella,1169
061018,Casagiove,12980
069014,Casalanguida,819
060017,Casalattico,534
003037,Casalbeltrame,988
069015,Casalbordino,5784
064020,Casalbore,1577
001060,Casalborgone,1864
065026,Casalbuono,1043
019016,Casalbuttano ed Uniti,3626
006037,Casal Cermelli,1193
070012,Casalciprano,461
061019,Casal di Principe,21313
062015,Casalduni,1210
037011,Casalecchio di Reno,35575
103019,Casale Corte Cerro,3362
019017,Casale Cremasco-Vidolasco,1814
028027,Casale di Scodosia,4660
006038,Casaleggio Boiro,356
003039,Casaleggio Novara,893
012036,Casale Litta,2737
050006,Casale Marittimo,1052
006039,Casale Monferrato,32320
023019,Casaleone,5560
026009,Casale sul Sile,13185
019018,Casaletto Ceredano,1154
019019,Casaletto di Sopra,507
098008,Casaletto Lodigiano,2960
065027,Casaletto Spartano,1276
019020,Casaletto Vaprio,1770
037012,Casalfiumanese,3331
035012,Casalgrande,18980
004045,Casalgrasso,1423
078156,Casali del Manco,9523
069016,Casalincontrada,3015
003040,Casalino,1512
019021,Casalmaggiore,15062
098009,Casalmaiocco,3191
019022,Casalmorano,1653
020010,Casalmoro,2207
006040,Casalnoceto,978
063017,Casalnuovo di Napoli,47196
071013,Casalnuovo Monterotaro,1362
020011,Casaloldo,2599
098010,Casalpusterlengo,15552
020012,Casalromano,1497
028028,Casalserugo,5373
061020,Casaluce,9609
071014,Casalvecchio di Puglia,1690
083012,Casalvecchio Siculo,726
065028,Casal Velino,5328
060018,Casalvieri,2425
003041,Casalvolone,876
012037,Casalzuigno,1391
063018,Casamarciano,3058
072015,Casamassima,19318
063019,Casamicciola Terme,7620
063020,Casandrino,13226
002033,Casanova Elvo,219
009019,Casanova Lerrone,741
018031,Casanova Lonati,457
058021,Casape,638
061103,Casapesenna,6892
096014,Casapinta,379
057011,Casaprota,688
061021,Casapulla,8300
075016,Casarano,19245
097015,Casargo,825
015055,Casarile,3942
093010,Casarsa della Delizia,8208
010011,Casarza Ligure,6710
006041,Casasco,115
097016,Casatenovo,13251
018032,Casatisma,851
063021,Casavatore,18296
016058,Casazza,3792
054007,Cascia,2965
012038,Casciago,3621
050040,Casciana Terme Lari,12130
050008,Cascina,44826
001061,Cascinette d'Ivrea,1504
018033,Casei Gerola,2334
001062,Caselette,3047
010012,Casella,3096
065029,Caselle in Pittari,1874
098011,Caselle Landi,1470
098012,Caselle Lurani,3032
001063,Caselle Torinese,13868
061022,Caserta,73001
026010,Casier,11440
080024,Casignana,687
035013,Casina,4539
016059,Casirate d'Adda,4067
013052,Caslino d'Erba,1655
013053,Casnate con Bernate,5015
016060,Casnigo,3056
063022,Casola di Napoli,3665
045004,Casola in Lunigiana,947
039005,Casola Valsenio,2517
052004,Casole d'Elsa,3717
069017,Casoli,5168
018034,Casorate Primo,8870
012039,Casorate Sempione,5637
015058,Casorezzo,5560
063023,Casoria,74268
005020,Casorzo Monferrato,592
057012,Casperia,1185
014013,Caspoggio,1345
030019,Cassacco,2778
097017,Cassago Brianza,4399
078029,Cassano all'Ionio,16547
015059,Cassano d'Adda,19283
072016,Cassano delle Murge,15072
064021,Cassano Irpino,950
012040,Cassano Magnago,21444
006191,Cassano Spinola,1801
012041,Cassano Valcuvia,659
089007,Cassaro,727
016061,Cassiglio,109
015060,Cassina de' Pecchi,13961
013055,Cassina Rizzardi,3307
005021,Cassinasco,561
097018,Cassina Valsassina,535
006043,Cassine,2815
006044,Cassinelle,869
015061,Cassinetta di Lugagnano,1915
060019,Cassino,35238
024026,Cassola,15157
018035,Cassolnovo,6774
023020,Castagnaro,3559
049006,Castagneto Carducci,8751
001064,Castagneto Po,1770
004046,Castagnito,2226
005022,Castagnole delle Lanze,3677
005023,Castagnole Monferrato,1111
001065,Castagnole Piemonte,2194
018036,Castana,725
015062,Castano Primo,10835
018037,Casteggio,6444
017040,Castegnato,8340
024027,Castegnero,2840
028029,Castelbaldo,1426
064022,Castel Baronia,1063
020013,Castelbelforte,3268
042008,Castelbellino,4934
021018,Castelbello-Ciardes/Kastelbell-Tschars,2336
009020,Castelbianco,319
005024,Castel Boglione,577
039006,Castel Bolognese,9542
070013,Castelbottaccio,250
082022,Castelbuono,8123
061023,Castel Campagnano,1462
067010,Castel Castagna,432
065030,Castelcivita,1440
022045,Castel Condino,223
017041,Castelcovati,6875
026011,Castelcucco,2329
082023,Casteldaccia,11646
037013,Castel d'Aiano,1896
020014,Castel d'Ario,4622
023021,Castel d'Azzano,12062
099021,Casteldelci,374
004047,Casteldelfino,142
094009,Castel del Giudice,308
066026,Castel del Monte,435
053004,Castel del Piano,4753
037014,Castel del Rio,1209
037015,Castel di Casio,3307
019023,Casteldidone,560
066027,Castel di Ieri,289
087013,Castel di Iudica,4278
044011,Castel di Lama,8419
083013,Castel di Lucio,1231
066028,Castel di Sangro,6603
061024,Castel di Sasso,1052
057013,Castel di Tora,266
042010,Castelfidardo,18459
048010,Castelfiorentino,17281
051008,Castel Focognano,2966
059004,Castelforte,4064
064023,Castelfranci,1778
050009,Castelfranco di Sotto,13560
036006,Castelfranco Emilia,33144
062016,Castelfranco in Miscano,792
051040,Castelfranco Piandiscò,9793
026012,Castelfranco Veneto,33010
069018,Castel Frentano,4275
019024,Castel Gabbiano,479
058022,Castel Gandolfo,8553
098062,Castelgerundo,1447
055009,Castel Giorgio,2023
020015,Castel Goffredo,12643
024028,Castelgomberto,6121
076021,Castelgrande,816
037016,Castel Guelfo di Bologna,4512
029011,Castelguglielmo,1533
069019,Castelguidone,294
022240,Castel Ivano,3269
065031,Castellabate,8687
066029,Castellafiume,1044
005025,Castell'Alfero,2616
067011,Castellalto,7301
081005,Castellammare del Golfo,14664
063024,Castellammare di Stabia,62917
001066,Castellamonte,9686
072017,Castellana Grotte,19525
082024,Castellana Sicula,3014
073003,Castellaneta,16220
006045,Castellania Coppi,86
012042,Castellanza,13981
035014,Castellarano,15278
006046,Castellar Guidobono,400
008014,Castellaro,1286
033012,Castell'Arquato,4620
053005,Castell'Azzara,1310
006047,Castellazzo Bormida,4462
003042,Castellazzo Novarese,320
019025,Castelleone,9240
042011,Castelleone di Suasa,1557
005026,Castellero,278
096015,Castelletto Cervo,773
006048,Castelletto d'Erro,130
018038,Castelletto di Branduzzo,1000
006049,Castelletto d'Orba,1812
006050,Castelletto Merli,455
005027,Castelletto Molina,141
006051,Castelletto Monferrato,1467
003043,Castelletto sopra Ticino,9857
004049,Castelletto Stura,1363
004050,Castelletto Uzzone,303
067012,Castelli,976
016062,Castelli Calepio,10322
052005,Castellina in Chianti,2644
004051,Castellinaldo d'Alba,890
050010,Castellina Marittima,1829
070014,Castellino del Biferno,442
004052,Castellino Tanaro,267
060020,Castelliri,3199
012043,Castello Cabiaglio,566
018039,Castello d'Agogna,1060
037017,Castello d'Argile,6650
014014,Castello dell'Acqua,597
061025,Castello del Matese,1400
005028,Castello di Annone,1829
097019,Castello di Brianza,2596
063025,Castello di Cisterna,7788
026013,Castello di Godego,7043
022047,Castello-Molina di Fiemme,2352
022048,Castello Tesino,1158
020016,Castellucchio,5174
071015,Castelluccio dei Sauri,2018
076022,Castelluccio Inferiore,1933
076023,Castelluccio Superiore,709
071016,Castelluccio Valmaggiore,1202
083014,Castell'Umberto,2832
058023,Castel Madama,7082
037019,Castel Maggiore,18472
004053,Castelmagno,57
013058,Castelmarte,1248
029012,Castelmassa,3994
070015,Castelmauro,1184
017042,Castel Mella,10909
076024,Castelmezzano,714
083015,Castelmola,1070
061026,Castel Morrone,3596
018040,Castelnovetto,516
029013,Castelnovo Bariano,2603
093011,Castelnovo del Friuli,852
035015,Castelnovo di Sotto,8511
035016,Castelnovo ne' Monti,10319
022049,Castelnuovo,1091
005029,Castelnuovo Belbo,824
052006,Castelnuovo Berardenga,8936
098013,Castelnuovo Bocca d'Adda,1537
006052,Castelnuovo Bormida,627
013059,Castelnuovo Bozzente,898
005030,Castelnuovo Calcea,690
065032,Castelnuovo Cilento,2802
023022,Castelnuovo del Garda,13236
071017,Castelnuovo della Daunia,1268
004054,Castelnuovo di Ceva,106
065033,Castelnuovo di Conza,584
057014,Castelnuovo di Farfa,993
046009,Castelnuovo di Garfagnana,5646
058024,Castelnuovo di Porto,8576
050011,Castelnuovo di Val di Cecina,2076
005031,Castelnuovo Don Bosco,3120
011011,Castelnuovo Magra,8273
001067,Castelnuovo Nigra,407
060021,Castelnuovo Parano,856
036007,Castelnuovo Rangone,14999
006053,Castelnuovo Scrivia,4864
062017,Castelpagano,1336
094010,Castelpetroso,1548
094011,Castelpizzuto,132
042012,Castelplanio,3547
062018,Castelpoto,1143
043009,Castelraimondo,4352
054008,Castel Ritaldi,3051
005032,Castel Rocchero,380
021019,Castelrotto/Kastelruth,6969
016063,Castel Rozzone,2795
065034,Castel San Giorgio,13717
033013,Castel San Giovanni,14097
065035,Castel San Lorenzo,2216
051010,Castel San Niccolò,2492
058025,Castel San Pietro Romano,846
037020,Castel San Pietro Terme,20760
057015,Castel Sant'Angelo,1170
043010,Castelsantangelo sul Nera,225
056017,Castel Sant'Elia,2454
094012,Castel San Vincenzo,440
076025,Castelsaraceno,1178
090023,Castelsardo,5674
012044,Castelseprio,1320
101005,Castelsilano,890
006054,Castelspina,394
084012,Casteltermini,7295
012045,Castelveccana,1864
066030,Castelvecchio Calvisio,119
009021,Castelvecchio di Rocca Barbena,131
066031,Castelvecchio Subequo,834
062019,Castelvenere,2414
019026,Castelverde,5567
094013,Castelverrino,98
062020,Castelvetere in Val Fortore,991
064024,Castelvetere sul Calore,1485
081006,Castelvetrano,29419
036008,Castelvetro di Modena,11127
033014,Castelvetro Piacentino,5247
055010,Castel Viscardo,2688
019027,Castelvisconti,295
008015,Castel Vittorio,261
061027,Castel Volturno,28508
037021,Castenaso,16154
017043,Castenedolo,11596
111011,Castiadas,1698
068009,Castiglione a Casauria,705
010013,Castiglione Chiavarese,1588
078030,Castiglione Cosentino,2682
098014,Castiglione d'Adda,4479
037022,Castiglione dei Pepoli,5431
065036,Castiglione del Genovesi,1309
054009,Castiglione del Lago,15158
053006,Castiglione della Pescaia,7131
020017,Castiglione delle Stiviere,23631
046010,Castiglione di Garfagnana,1708
087014,Castiglione di Sicilia,2904
052007,Castiglione d'Orcia,2140
004055,Castiglione Falletto,671
056018,Castiglione in Teverina,2275
069020,Castiglione Messer Marino,1517
067013,Castiglione Messer Raimondo,2040
012046,Castiglione Olona,7533
004056,Castiglione Tinella,762
001068,Castiglione Torinese,6509
051011,Castiglion Fibocchi,2097
051012,Castiglion Fiorentino,12935
044012,Castignano,2549
067014,Castilenti,1333
004057,Castino,451
014015,Castione Andevenno,1538
016064,Castione della Presolana,3316
030020,Castions di Strada,3647
098015,Castiraga Vidardo,3016
017044,Casto,1607
044013,Castorano,2221
017045,Castrezzato,7593
075017,Castri di Lecce,2747
075018,Castrignano de' Greci,3669
075019,Castrignano del Capo,5121
075096,Castro,2394
016065,Castro,1214
040005,Castrocaro Terme e Terra del Sole,6335
060022,Castrocielo,3783
060023,Castro dei Volsci,4471
084013,Castrofilippo,2632
078031,Castrolibero,9230
012047,Castronno,5048
082025,Castronovo di Sicilia,2823
076026,Castronuovo di Sant'Andrea,888
070016,Castropignano,864
083016,Castroreale,2253
078032,Castroregio,234
078033,Castrovillari,20838
087015,Catania,299730
079023,Catanzaro,84849
086006,Catenanuova,4461
068010,Catignano,1226
099002,Cattolica,16552
084014,Cattolica Eraclea,3302
080025,Caulonia,6800
062021,Cautano,1933
065037,Cava de' Tirreni,50614
096016,Cavaglià,3525
003044,Cavaglietto,374
003045,Cavaglio d'Agogna,1141
001069,Cavagnolo,2267
023023,Cavaion Veronese,6058
022050,Cavalese,4028
004058,Cavallerleone,672
004059,Cavallermaggiore,5305
075020,Cavallino,12960
027044,Cavallino-Treporti,13325
003047,Cavallirio,1303
018041,Cava Manara,6656
022051,Cavareno,1124
013062,Cavargna,182
012048,Cavaria con Premezzo,5661
027006,Cavarzere,12890
026014,Cavaso del Tomba,2913
093012,Cavasso Nuovo,1492
006055,Cavatore,262
030021,Cavazzo Carnico,943
058026,Cave,10806
022052,Cavedago,567
022053,Cavedine,3084
098017,Cavenago d'Adda,2119
108017,Cavenago di Brianza,7418
016066,Cavernago,2826
036009,Cavezzo,7069
022054,Cavizzana,236
001070,Cavour,5421
035017,Cavriago,9884
020018,Cavriana,3741
051013,Cavriglia,9422
012049,Cazzago Brabbia,788
017046,Cazzago San Martino,10704
023024,Cazzano di Tramigna,1503
016067,Cazzano Sant'Andrea,1658
060024,Ceccano,22365
018042,Cecima,245
049007,Cecina,27965
017047,Cedegolo,1095
014016,Cedrasco,421
082026,Cefalà Diana,980
082027,Cefalù,13898
027007,Ceggia,6138
074003,Ceglie Messapica,18701
066032,Celano,10253
069021,Celenza sul Trigno,783
071018,Celenza Valfortore,1367
078034,Celico,2500
019028,Cella Dati,493
072018,Cellamare,5809
006056,Cella Monte,465
078035,Cellara,484
005033,Cellarengo,711
017048,Cellatica,4859
065038,Celle di Bulgheria,1737
004060,Celle di Macra,88
071019,Celle di San Vito,148
005034,Celle Enomondo,441
009022,Celle Ligure,4871
056019,Celleno,1309
056020,Cellere,1071
067015,Cellino Attanasio,2239
074004,Cellino San Marco,6097
002171,Cellio con Breia,935
061102,Cellole,8154
022241,Cembra Lisignago,2312
079024,Cenadi,510
016068,Cenate Sopra,2521
016069,Cenate Sotto,3921
025010,Cencenighe Agordino,1213
016070,Cene,4070
029014,Ceneselli,1551
009023,Cengio,3294
004061,Centallo,6866
038004,Cento,35291
065039,Centola,4990
079025,Centrache,358
013254,Centro Valle Intelvi,3676
086007,Centuripe,5044
068011,Cepagatti,10961
062022,Ceppaloni,3176
103021,Ceppo Morelli,299
060025,Ceprano,8137
086008,Cerami,1851
010014,Ceranesi,3591
003049,Cerano,6693
013063,Cerano d'Intelvi,590
018043,Ceranova,2303
065040,Ceraso,2249
070017,Cercemaggiore,3605
001071,Cercenasco,1760
070018,Cercepiccola,625
078036,Cerchiara di Calabria,2192
066033,Cerchio,1555
014017,Cercino,801
030022,Cercivento,635
063026,Cercola,16997
082028,Cerda,4932
023025,Cerea,16832
029015,Ceregnano,3409
101006,Cerenzia,1018
001072,Ceres,1027
020019,Ceresara,2547
006057,Cereseto,389
004062,Ceresole Alba,1980
001073,Ceresole Reale,157
016071,Cerete,1611
018044,Ceretto Lomellina,185
018045,Cergnago,675
009024,Ceriale,5341
008016,Ceriana,1114
108018,Ceriano Laghetto,6661
033015,Cerignale,117
071020,Cerignola,57152
078037,Cerisano,2934
013064,Cermenate,9384
021020,Cermes/Tscherms,1574
067016,Cermignano,1442
013065,Cernobbio,6383
097020,Cernusco Lombardone,3774
015070,Cernusco sul Naviglio,34893
005035,Cerreto d'Asti,216
042013,Cerreto d'Esi,3389
054010,Cerreto di Spoleto,973
006058,Cerreto Grue,291
048011,Cerreto Guidi,10714
058027,Cerreto Laziale,1079
062023,Cerreto Sannita,3606
004063,Cerretto Langhe,397
006059,Cerrina Monferrato,1316
096018,Cerrione,2765
015071,Cerro al Lambro,5145
094014,Cerro al Volturno,1152
015072,Cerro Maggiore,14918
005036,Cerro Tanaro,587
023026,Cerro Veronese,2621
076027,Cersosimo,524
048012,Certaldo,15534
018046,Certosa di Pavia,5489
079027,Cerva,1086
058028,Cervara di Roma,448
028030,Cervarese Santa Croce,5595
060026,Cervaro,7789
004064,Cervasca,5161
002041,Cervatto,48
017049,Cerveno,659
004065,Cervere,2226
018047,Cervesina,1113
058029,Cerveteri,37937
039007,Cervia,28883
078038,Cervicati,780
098018,Cervignano d'Adda,2212
030023,Cervignano del Friuli,13596
064025,Cervinara,8696
061028,Cervino,4759
008017,Cervo,1090
078039,Cerzeto,1217
061029,Cesa,9562
097021,Cesana Brianza,2367
001074,Cesana Torinese,897
015074,Cesano Boscone,23387
108019,Cesano Maderno,39399
103022,Cesara,572
083017,Cesarò,2161
015076,Cesate,14262
040007,Cesena,96003
040008,Cesenatico,25898
064026,Cesinali,2563
008018,Cesio,274
025011,Cesiomaggiore,3927
026015,Cessalto,3775
102006,Cessaniti,2988
043011,Cessapalombo,442
005037,Cessole,358
065041,Cetara,1959
017050,Ceto,1773
052008,Cetona,2499
078040,Cetraro,9413
004066,Ceva,5704
017051,Cevo,816
007013,Challand-Saint-Anselme,745
007014,Challand-Saint-Victor,551
007015,Chambave,875
007016,Chamois,107
007017,Champdepraz,730
007018,Champorcher,367
007019,Charvensod,2412
007020,Châtillon,4370
004067,Cherasco,9489
090024,Cheremule,396
001075,Chialamberto,337
024029,Chiampo,12545
064027,Chianche,478
052009,Chianciano Terme,6937
050012,Chianni,1311
001076,Chianocco,1527
088002,Chiaramonte Gulfi,8020
090025,Chiaramonti,1531
026016,Chiarano,3656
042014,Chiaravalle,14319
079029,Chiaravalle Centrale,5107
017052,Chiari,19225
076028,Chiaromonte,1743
094015,Chiauci,198
010015,Chiavari,27365
014018,Chiavenna,7241
001077,Chiaverano,1965
021021,Chienes/Kiens,3023
001078,Chieri,35908
014019,Chiesa in Valmalenco,2320
001079,Chiesanuova,210
025012,Chies d'Alpago,1252
047022,Chiesina Uzzanese,4502
069022,Chieti,48614
071021,Chieuti,1522
019029,Chieve,2277
016072,Chignolo d'Isola,3363
018048,Chignolo Po,3957
027008,Chioggia,47735
001080,Chiomonte,856
093013,Chions,5067
030024,Chiopris-Viscone,692
051014,Chitignano,851
016073,Chiuduno,6111
024030,Chiuppano,2535
014020,Chiuro,2433
004068,Chiusa di Pesio,3592
001081,Chiusa di San Michele,1526
030025,Chiusaforte,605
021022,Chiusa/Klausen,5201
008019,Chiusanico,593
005038,Chiusano d'Asti,250
064028,Chiusano di San Domenico,2089
082029,Chiusa Sclafani,2534
008020,Chiusavecchia,515
052010,Chiusdino,1744
052011,Chiusi,8100
051015,Chiusi della Verna,1889
001082,Chivasso,26244
058118,Ciampino,38720
084015,Cianciana,3107
025013,Cibiana di Cadore,331
010016,Cicagna,2213
079030,Cicala,870
063027,Cicciano,12292
065042,Cicerale,1192
058030,Ciciliano,1247
019030,Cicognolo,920
001083,Ciconio,355
002042,Cigliano,4257
004069,Cigliè,185
018049,Cigognola,1300
017053,Cigole,1453
018050,Cilavegna,5348
026017,Cimadolmo,3378
017054,Cimbergo,533
080026,Ciminà,524
082030,Ciminna,3433
063028,Cimitile,6903
093014,Cimolais,349
022058,Cimone,723
005039,Cinaglio,413
058031,Cineto Romano,577
019031,Cingia de' Botti,1113
043012,Cingoli,9595
053007,Cinigiano,2377
015077,Cinisello Balsamo,74714
082031,Cinisi,11948
014021,Cino,343
080027,Cinquefrondi,6248
001084,Cintano,239
022059,Cinte Tesino,367
027009,Cinto Caomaggiore,3149
028031,Cinto Euganeo,1906
001085,Cinzano,334
061030,Ciorlano,369
008021,Cipressa,1214
062024,Circello,2175
001086,Ciriè,18146
077005,Cirigliano,285
013068,Cirimido,2104
101007,Cirò,2514
101008,Cirò Marina,14074
022060,Cis,300
016074,Cisano Bergamasco,6217
009025,Cisano sul Neva,2142
016075,Ciserano,5528
012050,Cislago,10418
015078,Cisliano,5100
026018,Cison di Valmarino,2505
004070,Cissone,81
005040,Cisterna d'Asti,1207
059005,Cisterna di Latina,36189
074005,Cisternino,11159
054011,Citerna,3367
028032,Cittadella,20049
054012,Città della Pieve,7482
054013,Città di Castello,38280
057016,Cittaducale,6443
080028,Cittanova,9762
057017,Cittareale,398
068012,Città Sant'Angelo,14828
012051,Cittiglio,3799
097022,Civate,3696
008022,Civezza,620
022061,Civezzano,4126
002043,Civiasco,226
030026,Cividale del Friuli,10830
016076,Cividate al Piano,5003
017055,Cividate Camuno,2656
078041,Civita,816
070019,Civitacampomarano,311
056021,Civita Castellana,15292
066034,Civita d'Antino,945
069023,Civitaluparella,281
094016,Civitanova del Sannio,881
043013,Civitanova Marche,41942
068013,Civitaquana,1142
058032,Civitavecchia,51722
066035,Civitella Alfedena,286
068014,Civitella Casanova,1573
056022,Civitella d'Agliano,1443
067017,Civitella del Tronto,4607
040009,Civitella di Romagna,3647
051016,Civitella in Val di Chiana,8785
069024,Civitella Messer Raimondo,770
053008,Civitella Paganico,2922
066036,Civitella Roveto,3019
058033,Civitella San Paolo,2002
014022,Civo,1108
013071,Claino con Osteno,543
093015,Claut,887
093016,Clauzetto,370
004071,Clavesana,796
001087,Claviere,208
022062,Cles,7217
078042,Cleto,1178
012052,Clivio,1982
016077,Clusone,8559
001088,Coassolo Torinese,1445
001089,Coazze,3257
005041,Coazzolo,293
017056,Coccaglio,8771
005042,Cocconato,1421
012053,Cocquio-Trevisago,4636
066037,Cocullo,211
028033,Codevigo,6344
018051,Codevilla,922
038005,Codigoro,11073
026019,Codognè,5226
098019,Codogno,15616
030027,Codroipo,15896
090026,Codrongianos,1279
096019,Coggiola,1636
108020,Cogliate,8440
007021,Cogne,1312
010017,Cogoleto,8487
024032,Cogollo del Cengio,3121
010018,Cogorno,5689
003051,Colazza,549
024126,Colceresa,5908
016078,Colere,1107
060027,Colfelice,1781
033016,Coli,837
097023,Colico,8103
057018,Collalto Sabino,389
066038,Collarmele,798
054014,Collazzone,3325
017057,Collebeato,4454
097024,Colle Brianza,1766
034009,Collecchio,14711
068015,Collecorvino,5956
070020,Colle d'Anchise,721
067018,Colledara,2081
069025,Colledimacine,158
069026,Colledimezzo,441
057019,Colle di Tora,362
052012,Colle di Val d'Elsa,21635
058034,Colleferro,20547
057020,Collegiove,128
001090,Collegno,48359
066039,Collelongo,1104
060028,Collepardo,883
075021,Collepasso,5614
066040,Collepietro,199
001091,Colleretto Castelnuovo,326
001092,Colleretto Giacosa,593
049008,Collesalvetti,16301
060029,Colle San Magno,631
062025,Colle Sannita,2167
082032,Collesano,3656
025014,Colle Santa Lucia,346
070021,Colletorto,1667
026020,Colle Umberto,5071
057021,Collevecchio,1580
041069,Colli al Metauro,12230
065043,Colliano,3444
094017,Colli a Volturno,1268
044014,Colli del Tronto,3654
111012,Collinas,775
017058,Collio,1991
057022,Colli sul Velino,452
018193,Colli Verdi,1026
002045,Collobiano,78
030028,Colloredo di Monte Albano,2174
043014,Colmurano,1177
077006,Colobraro,1065
023027,Cologna Veneta,8377
017059,Cologne,7602
016079,Cologno al Serio,11080
023028,Colognola ai Colli,8753
015081,Cologno Monzese,46774
058035,Colonna,4243
067019,Colonnella,3662
013074,Colonno,453
014023,Colorina,1379
034010,Colorno,8966
078043,Colosimi,1123
015082,Colturano,2047
013251,Colverde,5471
016080,Colzate,1605
012054,Comabbio,1202
038006,Comacchio,22047
045005,Comano,667
022228,Comano Terme,2937
098020,Comazzo,2305
030029,Comeglians,436
025015,Comelico Superiore,2081
012055,Comerio,2804
017060,Comezzano-Cizzago,4102
003052,Comignago,1224
088003,Comiso,30003
084016,Comitini,853
063029,Comiziano,1706
020020,Commessaggio,1071
022064,Commezzadura,1010
013075,Como,83691
034011,Compiano,1061
044015,Comunanza,2912
016081,Comun Nuovo,4369
027010,Cona,2753
094018,Conca Casale,178
065044,Conca dei Marini,660
061031,Conca della Campania,1153
023029,Concamarise,1055
057023,Concerviano,282
017061,Concesio,15698
027011,Concordia Sagittaria,10250
036010,Concordia sulla Secchia,8242
108021,Concorezzo,15898
080029,Condofuri,4608
001093,Condove,4454
083018,Condrò,470
026021,Conegliano,34346
018052,Confienza,1548
057024,Configni,573
079033,Conflenti,1295
006060,Coniolo,444
039008,Conselice,9588
028034,Conselve,9965
022242,Contà,1405
082033,Contessa Entellina,1499
057025,Contigliano,3678
064029,Contrada,2969
067020,Controguerra,2204
065045,Controne,775
065046,Contursi Terme,3209
072019,Conversano,25756
064030,Conza della Campania,1275
006061,Conzano,933
075022,Copertino,23079
018053,Copiano,1702
038007,Copparo,15694
018054,Corana,752
072020,Corato,47079
065047,Corbara,2507
015085,Corbetta,18819
029017,Corbola,2189
056023,Corchiano,3587
054015,Corciano,21605
093017,Cordenons,17844
026022,Cordignano,6884
093018,Cordovado,2738
046011,Coreglia Antelminelli,5070
010019,Coreglia Ligure,257
060030,Coreno Ausonio,1531
066041,Corfinio,971
059006,Cori,10392
099003,Coriano,10446
075023,Corigliano d'Otranto,5655
078157,Corigliano-Rossano,74300
042015,Corinaldo,4777
001094,Corio,3027
082034,Corleone,10382
065048,Corleto Monforte,508
076029,Corleto Perticara,2298
015086,Cormano,20451
031002,Cormons,7149
016082,Corna Imagna,915
016249,Cornalba,304
018191,Cornale e Bastida,801
015087,Cornaredo,20712
108053,Cornate d'Adda,10805
021023,Cornedo all'Isarco/Karneid,3471
024034,Cornedo Vicentino,11698
098021,Cornegliano Laudense,2842
004072,Corneliano d'Alba,2135
034012,Corniglio,1751
030030,Corno di Rosazzo,3146
098022,Corno Giovine,1137
098023,Cornovecchio,193
026023,Cornuda,6276
035020,Correggio,25118
108022,Correzzana,3165
028035,Correzzola,5015
013077,Corrido,843
043015,Corridonia,14688
067021,Corropoli,5085
075024,Corsano,5136
015093,Corsico,34505
005044,Corsione,201
021024,Cortaccia sulla strada del vino/Kurtatsch an der Weinstraße,2195
079034,Cortale,1876
005045,Cortandone,307
005046,Cortanze,260
005047,Cortazzone,583
033017,Corte Brugnatella,518
019032,Corte de' Cortesi con Cignone,1057
019033,Corte de' Frati,1306
017062,Corte Franca,7173
033018,Cortemaggiore,4636
004073,Cortemilia,2154
017063,Corteno Golgi,1910
097025,Cortenova,1147
016083,Cortenuova,1943
018192,Corteolona e Genzone,2525
098024,Corte Palasio,1525
005048,Cortiglione,527
025016,Cortina d'Ampezzo,5549
021025,Cortina sulla strada del vino/Kurtinig an der Weinstraße,677
067022,Cortino,587
051017,Cortona,21178
068016,Corvara,211
021026,Corvara in Badia/Corvara,1396
018057,Corvino San Quirico,966
017064,Corzano,1429
030031,Coseano,2017
078045,Cosenza,63909
008023,Cosio d'Arroscia,171
014024,Cosio Valtellino,5526
080030,Cosoleto,758
004074,Cossano Belbo,885
001095,Cossano Canavese,435
096020,Cossato,13965
009026,Cosseria,1037
044016,Cossignano,862
103023,Cossogno,693
090027,Cossoine,761
005049,Cossombrato,513
024035,Costabissara,7662
054016,Costacciaro,1057
018058,Costa de' Nobili,376
016084,Costa di Mezzate,3398
029018,Costa di Rovigo,2461
097026,Costa Masnaga,4758
002047,Costanzana,765
008024,Costarainera,776
016247,Costa Serina,878
016085,Costa Valle Imagna,557
006062,Costa Vescovato,316
016086,Costa Volpino,8790
023030,Costermano sul Garda,3992
005050,Costigliole d'Asti,5632
004075,Costigliole Saluzzo,3319
039009,Cotignola,7353
101009,Cotronei,5255
057026,Cottanello,527
007022,Courmayeur,2608
016087,Covo,4267
018059,Cozzo,345
077007,Craco,619
097027,Crandola Valsassina,267
002048,Cravagliana,256
004076,Cravanzana,364
103024,Craveggia,783
024036,Creazzo,11191
069027,Crecchio,2622
016088,Credaro,3519
019034,Credera Rubbiano,1535
019035,Crema,33909
097028,Cremella,1689
012056,Cremenaga,788
097029,Cremeno,1684
013083,Cremia,689
006063,Cremolino,986
019036,Cremona,70845
019037,Cremosano,1719
002049,Crescentino,7681
024037,Crespadoro,1267
098025,Crespiatica,2179
050041,Crespina Lorenzana,5469
029019,Crespino,1746
003055,Cressa,1584
096021,Crevacuore,1380
037024,Crevalcore,13776
103025,Crevoladossola,4515
063030,Crispano,11780
073004,Crispiano,13144
004077,Crissolo,154
010020,Crocefieschi,519
026025,Crocetta del Montello,6053
103026,Crodo,1428
067023,Crognaleto,1092
078046,Cropalati,998
079036,Cropani,4674
078047,Crosia,9704
012057,Crosio della Valle,615
101010,Crotone,58864
019038,Crotta d'Adda,611
002052,Crova,352
022068,Croviana,697
101011,Crucoli,2764
012058,Cuasso al Monte,3522
065049,Cuccaro Vetere,528
013084,Cucciago,3453
001096,Cuceglio,919
015096,Cuggiono,8107
012059,Cugliate-Fabiasco,3102
095019,Cuglieri,2468
068017,Cugnoli,1340
001097,Cumiana,7840
019039,Cumignano sul Naviglio,406
012060,Cunardo,2890
004078,Cuneo,55844
005051,Cunico,430
001098,Cuorgnè,9531
069028,Cupello,4766
044017,Cupra Marittima,5448
042016,Cupramontana,4363
018060,Cura Carpignano,4984
095077,Curcuris,302
003058,Cureggio,2591
012061,Curiglia con Monteviasco,151
079039,Curinga,6516
096023,Curino,474
016089,Curno,7519
021027,Curon Venosta/Graun im Vinschgau,2376
075025,Cursi,3870
028036,Curtarolo,7144
020021,Curtatone,14633
061032,Curti,6710
015097,Cusago,4565
015098,Cusano Milanino,18891
062026,Cusano Mutri,3764
013085,Cusino,230
016090,Cusio,210
081007,Custonaci,5281
101012,Cutro,9407
075026,Cutrofiano,8736
012062,Cuveglio,3311
012063,Cuvio,1656
015099,Dairago,6420
016091,Dalmine,23379
022071,Dambel,413
025017,Danta di Cadore,433
017065,Darfo Boario Terme,15655
102007,Dasà,1100
010021,Davagna,1830
012064,Daverio,3089
079042,Davoli,5574
014025,Dazio,502
092015,Decimomannu,8390
111013,Decimoputzu,4175
079043,Decollatura,2865
009027,Dego,1836
011012,Deiva Marina,1277
014026,Delebio,3318
085006,Delia,3883
080031,Delianuova,3098
071022,Deliceto,3503
017066,Dello,5619
004079,Demonte,1870
006065,Denice,170
022074,Denno,1242
006066,Dernice,177
019040,Derovere,284
054017,Deruta,9470
097030,Dervio,2606
002054,Desana,1090
017067,Desenzano del Garda,29197
108023,Desio,41555
091016,Desulo,2078
078048,Diamante,5054
008025,Diano Arentino,701
008026,Diano Castello,2259
004080,Diano d'Alba,3593
008027,Diano Marina,5552
008028,Diano San Pietro,1080
048013,Dicomano,5484
030032,Dignano,2252
022233,Dimaro Folgarida,2089
102008,Dinami,1790
078049,Dipignano,4083
075027,Diso,2830
003060,Divignano,1423
013087,Dizzasco,634
021028,Dobbiaco/Toblach,3360
031003,Doberdò del Lago,1343
004081,Dogliani,4609
069029,Dogliola,313
030033,Dogna,150
023031,Dolcè,2491
008029,Dolceacqua,2145
008030,Dolcedo,1249
031004,Dolegna del Collio,306
111014,Dolianova,9448
027012,Dolo,14981
097031,Dolzago,2551
078050,Domanico,940
013089,Domaso,1450
025018,Domegge di Cadore,2244
064031,Domicella,1867
103028,Domodossola,17769
111015,Domus de Maria,1641
111016,Domusnovas,5871
096024,Donato,701
013090,Dongo,3204
007023,Donnas,2419
111017,Donori,1974
091017,Dorgali,8354
097032,Dorio,322
003062,Dormelletto,2526
018061,Dorno,4566
096025,Dorzano,530
020022,Dosolo,3278
016092,Dossena,885
013092,Dosso del Liro,236
007024,Doues,511
040011,Dovadola,1577
019041,Dovera,3743
037025,Dozza,6592
061033,Dragoni,1976
102009,Drapia,2079
022078,Drena,594
030034,Drenchia,98
015101,Dresano,3066
022079,Dro,5029
004082,Dronero,6998
001099,Druento,8988
103029,Druogno,1059
091018,Dualchi,571
014027,Dubino,3793
028106,Due Carrare,9036
024038,Dueville,13616
062027,Dugenta,2649
032001,Duino-Aurisina,8266
012065,Dumenza,1442
012066,Duno,153
062028,Durazzano,2101
070022,Duronia,403
005052,Dusino San Michele,1062
065050,Eboli,37548
017068,Edolo,4391
021029,Egna/Neumarkt,5481
068018,Elice,1622
091019,Elini,556
097033,Ello,1192
092108,Elmas,9448
004083,Elva,79
007025,Emarèse,229
048014,Empoli,48922
016093,Endine Gaiano,3426
024039,Enego,1527
030035,Enemonzo,1268
086009,Enna,25533
004084,Entracque,766
016094,Entratico,1982
004085,Envie,1938
076030,Episcopia,1262
027013,Eraclea,11987
013095,Erba,16172
023032,Erbè,1880
023033,Erbezzo,806
017069,Erbusco,8771
074006,Erchie,8231
063064,Ercolano,50258
081008,Erice,26096
009028,Erli,216
093019,Erto e Casso,373
090088,Erula,688
097034,Erve,675
043016,Esanatoglia,1903
111018,Escalaplano,2063
111019,Escolca,544
017070,Esine,5054
097035,Esino Lario,761
060031,Esperia,3550
090028,Esporlatu,375
028037,Este,15994
111020,Esterzili,563
007026,Etroubles,478
013097,Eupilio,2564
001100,Exilles,240
006067,Fabbrica Curone,570
046036,Fabbriche di Vergemoli,721
035021,Fabbrico,6683
042017,Fabriano,28970
056024,Fabrica di Roma,8220
102010,Fabrizia,1953
055011,Fabro,2611
030036,Faedis,2769
014028,Faedo Valtellino,513
039010,Faenza,58827
071023,Faeto,615
030037,Fagagna,5979
013098,Faggeto Lario,1142
073005,Faggiano,3422
066042,Fagnano Alto,362
078051,Fagnano Castello,3399
012067,Fagnano Olona,12462
062029,Faicchio,3348
022081,Fai della Paganella,936
025019,Falcade,1804
061101,Falciano del Massico,3367
078052,Falconara Albanese,1456
042018,Falconara Marittima,25579
083019,Falcone,2794
056025,Faleria,1990
079047,Falerna,3804
109005,Falerone,3131
069104,Fallo,119
013099,Faloppio,4837
060032,Falvaterra,513
021030,Falzes/Pfalzen,3077
036011,Fanano,2937
093020,Fanna,1468
041013,Fano,59897
067024,Fano Adriano,253
069030,Fara Filiorum Petri,1947
016096,Fara Gera d'Adda,7993
057027,Fara in Sabina,13821
003065,Fara Novarese,2005
016097,Fara Olivana con Sola,1334
069031,Fara San Martino,1289
024040,Fara Vicentino,3706
076031,Fardella,565
004086,Farigliano,1680
068019,Farindola,1349
033019,Farini,1042
056026,Farnese,1393
026026,Farra di Soligo,8512
031005,Farra d'Isonzo,1681
074007,Fasano,38815
010022,Fascia,70
050014,Fauglia,3637
004087,Faule,486
010023,Favale di Malvaro,428
084017,Favara,31664
081009,Favignana,4506
001101,Favria,5026
004088,Feisoglio,288
001102,Feletto,2215
034013,Felino,9168
065051,Felitto,1144
006068,Felizzano,2111
025021,Feltre,20483
013100,Fenegrò,3245
001103,Fenestrelle,477
007027,Fénis,1772
055012,Ferentillo,1814
060033,Ferentino,20104
089008,Ferla,2309
041014,Fermignano,8264
109006,Fermo,35913
012068,Ferno,6686
079048,Feroleto Antico,1967
080032,Feroleto della Chiesa,1513
077008,Ferrandina,8051
038008,Ferrara,129724
023034,Ferrara di Monte Baldo,268
070023,Ferrazzano,3260
012069,Ferrera di Varese,683
018062,Ferrera Erbognone,1051
005053,Ferrere,1504
033020,Ferriere,1112
080033,Ferruzzano,761
057028,Fiamignano,1191
001104,Fiano,2647
058036,Fiano Romano,16288
043017,Fiastra,608
022083,Fiavè,1037
082035,Ficarazzi,13011
029021,Ficarolo,2153
083020,Ficarra,1289
055013,Ficulle,1565
034014,Fidenza,27045
021031,Fiè allo Sciliar/Völs am Schlern,3636
022085,Fierozzo,470
019043,Fiesco,1217
048015,Fiesole,13666
017071,Fiesse,1991
027014,Fiesso d'Artico,8486
029022,Fiesso Umbertiano,3862
013101,Figino Serenza,4913
048052,Figline e Incisa Valdarno,23119
078053,Figline Vegliaturo,1126
058037,Filacciano,460
102011,Filadelfia,4998
016098,Filago,3085
102012,Filandari,1766
045006,Filattiera,2190
060034,Filettino,516
069032,Filetto,853
076032,Filiano,2732
018063,Filighera,817
094019,Filignano,574
102013,Filogaso,1341
042019,Filottrano,8931
036012,Finale Emilia,14980
009029,Finale Ligure,11170
016099,Fino del Monte,1162
013102,Fino Mornasco,9957
016100,Fiorano al Serio,2949
001105,Fiorano Canavese,744
036013,Fiorano Modenese,16880
033021,Fiorenzuola d'Arda,14907
048017,Firenze,362742
048018,Firenzuola,4402
078054,Firmo,1834
038027,Fiscaglia,8403
065052,Fisciano,14064
060035,Fiuggi,10105
036014,Fiumalbo,1175
080034,Fiumara,848
083021,Fiumedinisi,1277
078055,Fiumefreddo Bruzio,2842
087016,Fiumefreddo di Sicilia,9075
093021,Fiume Veneto,11786
030190,Fiumicello Villa Vicentina,6288
058120,Fiumicino,81606
043019,Fiuminata,1281
045007,Fivizzano,7060
030039,Flaibano,1087
017072,Flero,8728
083022,Floresta,469
089009,Floridia,21294
090029,Florinas,1446
064032,Flumeri,2512
111021,Fluminimaggiore,2645
095080,Flussio,412
002057,Fobello,180
071024,Foggia,146017
062030,Foglianise,3131
031006,Fogliano Redipuglia,3001
001106,Foglizzo,2261
051018,Foiano della Chiana,9073
062031,Foiano di Val Fortore,1319
022087,Folgaria,3162
044020,Folignano,8761
054018,Foligno,55370
026027,Follina,3615
011013,Follo,6103
053009,Follonica,20457
098026,Fombio,2256
083023,Fondachelli-Fantina,1056
059007,Fondi,39617
091024,Fonni,3644
007028,Fontainemore,419
093022,Fontanafredda,12841
060036,Fontana Liri,2698
064033,Fontanarosa,2868
037026,Fontanelice,1914
016101,Fontanella,4790
034015,Fontanellato,7081
026028,Fontanelle,5688
003066,Fontaneto d'Agogna,2584
002058,Fontanetto Po,1039
010024,Fontanigorda,233
005054,Fontanile,488
028038,Fontaniva,8059
026029,Fonte,6010
066043,Fontecchio,292
060037,Fontechiari,1237
061034,Fontegreca,754
016102,Fonteno,562
058122,Fonte Nuova,32750
034016,Fontevivo,5543
025022,Fonzaso,3014
016103,Foppolo,156
057029,Forano,3146
044021,Force,1134
062032,Forchia,1214
014029,Forcola,757
095020,Fordongianus,831
076033,Forenza,1819
016104,Foresto Sparso,3066
030137,Forgaria nel Friuli,1691
064034,Forino,5207
063031,Forio,17460
040012,Forlì,116726
094020,Forlì del Sannio,621
040013,Forlimpopoli,13065
103031,Formazza,447
058038,Formello,13652
059008,Formia,37170
061035,Formicola,1363
019044,Formigara,1004
036015,Formigine,34506
002059,Formigliana,498
022089,Fornace,1332
094021,Fornelli,1801
030040,Forni Avoltri,501
030041,Forni di Sopra,919
030042,Forni di Sotto,548
001107,Forno Canavese,3212
034017,Fornovo di Taro,5899
016105,Fornovo San Giovanni,3397
046013,Forte dei Marmi,6879
021032,Fortezza/Franzensfeste,1085
018064,Fortunago,366
083024,Forza d'Agrò,835
046014,Fosciandora,559
045008,Fosdinovo,4586
066044,Fossa,672
069033,Fossacesia,6283
027015,Fossalta di Piave,4149
027016,Fossalta di Portogruaro,5737
070024,Fossalto,1162
004089,Fossano,24242
054019,Fossato di Vico,2641
079052,Fossato Serralta,554
027017,Fossò,7107
041015,Fossombrone,9063
024041,Foza,652
004090,Frabosa Soprana,691
004091,Frabosa Sottana,1603
006069,Fraconalto,301
073006,Fragagnano,4970
062033,Fragneto l'Abate,958
062034,Fragneto Monforte,1680
069034,Fraine,261
011014,Framura,575
069035,Francavilla al Mare,25675
102014,Francavilla Angitola,1809
006070,Francavilla Bisio,525
109007,Francavilla d'Ete,926
083025,Francavilla di Sicilia,3551
074008,Francavilla Fontana,35006
076034,Francavilla in Sinni,3949
078056,Francavilla Marittima,2774
102015,Francica,1594
089010,Francofonte,11801
061036,Francolise,4641
006071,Frascaro,425
018065,Frascarolo,1083
058039,Frascati,22853
078057,Frascineto,1890
022090,Frassilongo,342
029023,Frassinelle Polesine,1339
006072,Frassinello Monferrato,464
006073,Frassineto Po,1364
001108,Frassinetto,274
004092,Frassino,253
036016,Frassinoro,1732
057030,Frasso Sabino,751
062035,Frasso Telesino,2032
063032,Frattamaggiore,28623
063033,Frattaminore,15421
029024,Fratta Polesine,2434
054020,Fratta Todina,1861
041016,Fratte Rosa,851
083026,Frazzanò,587
026030,Fregona,2774
069036,Fresagrandinaria,927
006074,Fresonara,626
064035,Frigento,3455
061037,Frignano,8958
005055,Frinco,740
069037,Frisa,1624
093024,Frisanco,574
001109,Front,1586
041017,Frontino,299
041018,Frontone,1218
060038,Frosinone,43585
094022,Frosolone,2830
001110,Frossasco,2814
006075,Frugarolo,1867
006076,Fubine Monferrato,1590
048019,Fucecchio,22756
016106,Fuipiano Valle Imagna,203
023035,Fumane,4111
060039,Fumone,1968
021033,Funes/Villnöß,2559
069038,Furci,806
083027,Furci Siculo,3212
083028,Furnari,4009
065053,Furore,689
111022,Furtei,1519
078058,Fuscaldo,7794
039011,Fusignano,8080
014030,Fusine,547
065054,Futani,1096
019045,Gabbioneta-Binanuova,842
006077,Gabiano,1029
041019,Gabicce Mare,5503
007029,Gaby,420
019046,Gadesco-Pieve Delmona,1896
091025,Gadoni,678
059009,Gaeta,19463
083029,Gaggi,3103
015103,Gaggiano,9281
037027,Gaggio Montano,4811
096026,Gaglianico,3793
066045,Gagliano Aterno,235
086010,Gagliano Castelferrato,3271
075028,Gagliano del Capo,4853
079055,Gagliato,439
043020,Gagliole,511
026031,Gaiarine,5959
029025,Gaiba,949
004093,Gaiola,571
052013,Gaiole in Chianti,2529
091026,Gairo,1293
021034,Gais/Gais,3211
083030,Galati Mamertino,2265
075029,Galatina,25701
075030,Galatone,14997
080035,Galatro,1449
097036,Galbiate,8418
040014,Galeata,2440
098027,Galgagnano,1330
012070,Gallarate,53012
056027,Gallese,2579
003068,Galliate,15625
012071,Galliate Lombardo,992
018066,Galliavola,164
046015,Gallicano,3630
058040,Gallicano nel Lazio,6493
076035,Gallicchio,808
037028,Galliera,5605
028039,Galliera Veneta,7083
060040,Gallinaro,1197
024042,Gallio,2348
075031,Gallipoli,19367
083031,Gallodoro,337
061038,Gallo Matese,480
061039,Galluccio,2039
091027,Galtellì,2356
028040,Galzignano Terme,4287
006078,Gamalero,802
017073,Gambara,4539
018067,Gambarana,193
004094,Gambasca,344
048020,Gambassi Terme,4838
070025,Gambatesa,1277
024043,Gambellara,3433
069039,Gamberale,277
040015,Gambettola,10701
018068,Gambolò,9750
024044,Gambugliano,848
016107,Gandellino,966
016108,Gandino,5125
016109,Gandosso,1457
082036,Gangi,6107
077009,Garaguso,976
006079,Garbagna,609
003069,Garbagna Novarese,1419
015105,Garbagnate Milanese,26836
097037,Garbagnate Monastero,2533
023036,Garda,4156
017074,Gardone Riviera,2631
017075,Gardone Val Trompia,11384
004095,Garessio,2842
003070,Gargallo,1763
021035,Gargazzone/Gargazon,1767
017076,Gargnano,2693
018069,Garlasco,9527
097038,Garlate,2651
009030,Garlenda,1359
022091,Garniga Terme,385
013106,Garzeno,662
001111,Garzigliana,546
079056,Gasperina,1897
001112,Gassino Torinese,9288
035022,Gattatico,5668
040016,Gatteo,9333
003166,Gattico-Veruno,5226
002061,Gattinara,7522
017077,Gavardo,12288
029026,Gavello,1472
016110,Gaverina Terme,878
006081,Gavi,4416
058041,Gavignano,1893
012072,Gavirate,9151
091028,Gavoi,2488
053010,Gavorrano,8262
020024,Gazoldo degli Ippoliti,3034
012073,Gazzada Schianno,4580
016111,Gazzaniga,4894
028041,Gazzo,4303
033022,Gazzola,2088
023037,Gazzo Veronese,5135
020025,Gazzuolo,2077
085007,Gela,71377
099004,Gemmano,1135
030043,Gemona del Friuli,10476
012074,Gemonio,2825
058042,Genazzano,5673
042020,Genga,1681
019047,Genivolta,1118
004096,Genola,2572
111023,Genoni,764
010025,Genova,561191
111024,Genuri,306
076036,Genzano di Lucania,5244
058043,Genzano di Roma,22912
080036,Gerace,2358
082037,Geraci Siculo,1707
013107,Gera Lario,1064
058044,Gerano,1150
018071,Gerenzago,1446
012075,Gerenzano,10845
111025,Gergei,1125
001113,Germagnano,1125
103032,Germagno,187
012076,Germignaga,3696
102016,Gerocarne,1935
014031,Gerola Alta,165
019048,Gerre de' Caprioli,1313
111026,Gesico,742
015106,Gessate,8780
069040,Gessopalena,1210
111027,Gesturi,1152
064036,Gesualdo,3237
017078,Ghedi,18545
003073,Ghemme,3392
103033,Ghiffa,2271
095021,Ghilarza,4181
016113,Ghisalba,6177
002062,Ghislarengo,804
029027,Giacciano con Baruchella,2034
001114,Giaglione,590
017079,Gianico,2127
054021,Giano dell'Umbria,3670
061040,Giano Vetusto,636
082038,Giardinello,2259
083032,Giardini-Naxos,9278
006082,Giarole,688
088004,Giarratana,2835
087017,Giarre,26574
090030,Giave,483
001115,Giaveno,16254
026032,Giavera del Montello,5139
111028,Giba,1920
081010,Gibellina,3734
096027,Gifflenga,101
080037,Giffone,1615
065055,Giffoni Sei Casali,4972
065056,Giffoni Valle Piana,11547
103034,Gignese,1065
007030,Gignod,1679
070026,Gildone,752
079058,Gimigliano,2993
076099,Ginestra,697
062036,Ginestra degli Schiavoni,403
073007,Ginosa,21830
065057,Gioi,1109
066046,Gioia dei Marsi,1689
072021,Gioia del Colle,26615
061041,Gioia Sannitica,3287
080038,Gioia Tauro,19238
080039,Gioiosa Ionica,6907
083033,Gioiosa Marea,6727
055014,Giove,1855
072022,Giovinazzo,19401
022092,Giovo,2538
091031,Girasole,1353
079059,Girifalco,5480
069041,Gissi,2479
075032,Giuggianello,1120
063034,Giugliano in Campania,124222
082039,Giuliana,1687
060041,Giuliano di Roma,2321
069042,Giuliano Teatino,1145
067025,Giulianova,23447
065058,Giungano,1282
075033,Giurdignano,1945
018072,Giussago,5312
108024,Giussano,26012
009031,Giustenice,1001
022093,Giustino,739
009032,Giusvalla,394
001116,Givoletto,4113
079060,Gizzeria,5090
021036,Glorenza/Glurns,936
026033,Godega di Sant'Urbano,5980
018073,Godiasco Salice Terme,3218
082040,Godrano,1038
020026,Goito,10049
012077,Golasecca,2625
018074,Golferenzo,172
090083,Golfo Aranci,2376
019049,Gombito,625
030044,Gonars,4537
111029,Goni,448
111030,Gonnesa,4618
095022,Gonnoscodina,433
111031,Gonnosfanadiga,6163
095023,Gonnosnò,708
095024,Gonnostramatza,808
020027,Gonzaga,8716
014032,Gordona,1948
058045,Gorga,664
026034,Gorgo al Monticano,3989
077010,Gorgoglione,862
015108,Gorgonzola,21146
066047,Goriano Sicoli,512
031007,Gorizia,33584
016114,Gorlago,5164
012078,Gorla Maggiore,4848
012079,Gorla Minore,8142
016115,Gorle,6585
012080,Gornate Olona,2167
016116,Gorno,1488
038025,Goro,3481
010026,Gorreto,92
004097,Gorzegno,262
025025,Gosaldo,518
033023,Gossolengo,5715
004098,Gottasecca,129
017080,Gottolengo,4975
004099,Govone,2253
003076,Gozzano,5510
041020,Gradara,4889
031008,Gradisca d'Isonzo,6412
031009,Grado,7663
056028,Gradoli,1252
098028,Graffignana,2581
056029,Graffignano,2108
096028,Graglia,1464
063035,Gragnano,27989
033024,Gragnano Trebbiense,4585
087018,Grammichele,12460
005056,Grana,513
037030,Granarolo dell'Emilia,12769
013110,Grandate,2850
013111,Grandola ed Uniti,1288
083034,Graniti,1461
003077,Granozzo con Monticello,1323
012081,Grantola,1242
028042,Grantorto,4521
028043,Granze,1922
077011,Grassano,4736
016117,Grassobbio,6459
082041,Gratteri,859
013249,Gravedona ed Uniti,4051
018075,Gravellona Lomellina,2721
103035,Gravellona Toce,7569
001117,Gravere,664
087019,Gravina di Catania,25223
072023,Gravina in Puglia,42675
061042,Grazzanise,6766
005057,Grazzano Badoglio,577
057031,Greccio,1500
064037,Greci,586
002065,Greggio,319
006083,Gremiasco,280
007031,Gressan,3360
007032,Gressoney-La-Trinité,323
007033,Gressoney-Saint-Jean,774
048021,Greve in Chianti,13330
015110,Grezzago,3134
023038,Grezzana,10721
013113,Griante,583
061043,Gricignano di Aversa,12772
003079,Grignasco,4324
022095,Grigno,2036
030045,Grimacco,303
078059,Grimaldi,1525
004100,Grinzane Cavour,1989
024046,Grisignano di Zocco,4304
078060,Grisolia,2207
037031,Grizzana Morandi,3898
006084,Grognardo,229
016118,Gromo,1143
006085,Grondona,472
016119,Grone,865
019050,Grontardo,1489
018076,Gropello Cairoli,4235
033025,Gropparello,2142
001118,Groscavallo,192
014033,Grosio,4342
014034,Grosotto,1612
053011,Grosseto,81608
001119,Grosso,996
058046,Grottaferrata,20456
073008,Grottaglie,30612
064038,Grottaminarda,7732
044023,Grottammare,15868
109008,Grottazzolina,3183
084018,Grotte,5214
056030,Grotte di Castro,2369
080040,Grotteria,2856
077012,Grottole,2028
064039,Grottolella,1800
027018,Gruaro,2724
001120,Grugliasco,36898
019051,Grumello Cremonese ed Uniti,1682
016120,Grumello del Monte,7428
076037,Grumento Nova,1564
072024,Grumo Appula,12165
024047,Grumolo delle Abbadesse,3834
063036,Grumo Nevano,17230
075034,Guagnano,5393
043021,Gualdo,728
054022,Gualdo Cattaneo,5625
054023,Gualdo Tadino,14328
035023,Gualtieri,6252
083035,Gualtieri Sicaminò,1584
111032,Guamaggiore,904
013114,Guanzate,5752
060042,Guarcino,1500
002066,Guardabosone,332
098029,Guardamiglio,2604
079061,Guardavalle,4145
029028,Guarda Veneta,1107
055015,Guardea,1742
069043,Guardiagrele,8425
070027,Guardialfiera,955
064040,Guardia Lombardi,1518
076038,Guardia Perticara,518
078061,Guardia Piemontese,1770
070028,Guardiaregia,702
062037,Guardia Sanframondi,4581
050015,Guardistallo,1159
004101,Guarene,3548
111033,Guasila,2484
035024,Guastalla,14635
006086,Guazzora,289
054024,Gubbio,30516
015112,Gudo Visconti,1626
070029,Guglionesi,4882
020028,Guidizzolo,5994
058047,Guidonia Montecelio,89263
036017,Guiglia,4100
069044,Guilmi,408
103036,Gurro,185
111034,Guspini,10996
017081,Gussago,16568
019052,Gussola,2640
007034,Hône,1140
017082,Idro,1879
111035,Iglesias,25135
004102,Igliano,68
091032,Ilbono,1986
023039,Illasi,5150
090031,Illorai,748
097039,Imbersago,2494
022097,Imer,1185
037032,Imola,69298
008031,Imperia,42227
048022,Impruneta,14411
012082,Inarzo,1067
005058,Incisa Scapaccino,2025
017083,Incudine,343
012083,Induno Olona,10266
001121,Ingria,43
103037,Intragna,98
097040,Introbio,1920
007035,Introd,648
066048,Introdacqua,1944
013118,Inverigo,9230
018077,Inverno e Monteleone,1448
001122,Inverso Pinasca,681
015113,Inveruno,8443
003082,Invorio,4293
015114,Inzago,11278
102017,Ionadi,4559
091033,Irgoli,2201
017084,Irma,132
077013,Irsina,4462
004103,Isasca,69
079063,Isca sullo Ionio,1447
063037,Ischia,19625
056031,Ischia di Castro,2138
071025,Ischitella,4144
017085,Iseo,8992
022098,Isera,2786
094023,Isernia,20685
111036,Isili,2452
082042,Isnello,1310
001123,Isolabella,374
008032,Isolabona,677
005059,Isola d'Asti,1946
010027,Isola del Cantone,1386
053012,Isola del Giglio,1322
067026,Isola del Gran Sasso d'Italia,4477
023040,Isola della Scala,11622
082043,Isola delle Femmine,7034
060043,Isola del Liri,10760
041021,Isola del Piano,541
101013,Isola di Capo Rizzuto,17509
016121,Isola di Fondra,177
019053,Isola Dovarese,1070
023041,Isola Rizza,3269
006087,Isola Sant'Antonio,620
024048,Isola Vicentina,10261
071026,Isole Tremiti,481
017086,Isorella,4060
065059,Ispani,964
088005,Ispica,16275
012084,Ispra,5326
001124,Issiglio,426
007036,Issime,366
016122,Isso,601
007037,Issogne,1301
026035,Istrana,9141
083036,Itala,1514
059010,Itri,10388
090032,Ittireddu,470
090033,Ittiri,8043
001125,Ivrea,22427
019054,Izano,1944
079065,Jacurso,549
070030,Jelsi,1633
058048,Jenne,324
012085,Jerago con Orago,5240
091035,Jerzu,3003
042021,Jesi,39236
027019,Jesolo,26707
038010,Jolanda di Savoia,2636
102018,Joppolo,1635
084019,Joppolo Giancaxio,1083
007038,Jovençan,704
058049,Labico,6452
057032,Labro,359
001126,La Cassa,1778
015115,Lacchiarella,9073
063038,Lacco Ameno,4566
064041,Lacedonia,2055
021037,Laces/Latsch,5185
095082,Laconi,1674
058116,Ladispoli,40761
090034,Laerru,845
080041,Laganadi,342
024049,Laghi,125
013119,Laglio,884
004104,Lagnasco,1373
078062,Lago,2280
076039,Lagonegro,5032
038011,Lagosanto,4720
021038,Lagundo/Algund,4982
009033,Laigueglia,1708
015116,Lainate,26259
013120,Laino,541
078063,Laino Borgo,1727
078064,Laino Castello,765
021039,Laion/Lajen,2770
021040,Laives/Leifers,18196
050016,Lajatico,1264
016123,Lallio,4145
001127,La Loggia,8793
090035,La Maddalena,10609
069045,Lama dei Peligni,1061
007039,La Magdeleine,103
036018,Lama Mocogno,2648
013121,Lambrugo,2515
079160,Lamezia Terme,67253
025026,Lamon,2643
004105,La Morra,2662
084020,Lampedusa e Linosa,6509
047005,Lamporecchio,7380
002067,Lamporo,484
021041,Lana/Lana,12502
069046,Lanciano,34009
003083,Landiona,525
018078,Landriano,6513
034018,Langhirano,10801
018079,Langosco,372
091037,Lanusei,5049
058050,Lanuvio,12888
014036,Lanzada,1262
001128,Lanzo Torinese,4880
109009,Lapedona,1164
064042,Lapio,1431
078065,Lappano,857
066049,L'Aquila,69659
047006,Larciano,6312
018080,Lardirago,1185
058115,Lariano,13203
070031,Larino,6372
021042,Lasa/Laas,4096
007040,La Salle,2022
082044,Lascari,3684
013123,Lasnigo,461
011015,La Spezia,92486
111037,Las Plassas,210
024050,Lastebasse,195
048024,Lastra a Signa,19638
056032,Latera,767
051042,Laterina Pergine Valdarno,6387
073009,Laterza,14796
007041,La Thuile,789
074009,Latiano,13589
059011,Latina,127719
030046,Latisana,13143
076040,Latronico,4094
078066,Lattarico,3748
030047,Lauco,657
065060,Laureana Cilento,1198
080042,Laureana di Borrello,4681
021043,Lauregno/Laurein,317
076041,Laurenzana,1597
076042,Lauria,11893
001129,Lauriano,1391
065061,Laurino,1277
065062,Laurito,698
064043,Lauro,3339
010028,Lavagna,12308
023042,Lavagno,8561
025027,La Valle Agordina,1045
097092,La Valletta Brianza,4650
021117,La Valle/Wengen,1398
022102,Lavarone,1190
076043,Lavello,13035
012086,Lavena Ponte Tresa,5706
012087,Laveno-Mombello,8367
017087,Lavenone,486
065063,Laviano,1328
022103,Lavis,9175
023043,Lazise,6863
108025,Lazzate,7674
075035,Lecce,94596
066050,Lecce nei Marsi,1536
097042,Lecco,47008
022229,Ledro,5326
016124,Leffe,4311
012088,Leggiuno,3569
023044,Legnago,25401
015118,Legnano,60118
028044,Legnaro,9472
091038,Lei,465
001130,Leini,16294
010029,Leivi,2429
001131,Lemie,161
029029,Lendinara,11447
083037,Leni,683
016125,Lenna,554
017088,Leno,14383
059012,Lenola,4063
002068,Lenta,783
108054,Lentate sul Seveso,15819
069047,Lentella,655
089011,Lentini,21706
057033,Leonessa,2105
086011,Leonforte,12310
073010,Leporano,8241
075036,Lequile,8636
004106,Lequio Berria,423
004107,Lequio Tanaro,744
082045,Lercara Friddi,6203
011016,Lerici,9432
006088,Lerma,793
003084,Lesa,2171
004108,Lesegno,792
034019,Lesignano de' Bagni,5095
071027,Lesina,6228
108026,Lesmo,8404
001132,Lessolo,1749
096085,Lessona,2616
030048,Lestizza,3626
061044,Letino,631
083038,Letojanni,2847
063039,Lettere,6051
068020,Lettomanoppello,2700
069048,Lettopalena,320
011017,Levanto,5144
016126,Levate,3723
075037,Leverano,13560
004109,Levice,200
022104,Levico Terme,8192
001133,Levone,441
013126,Lezzeno,1935
061045,Liberi,1085
083039,Librizzi,1582
084021,Licata,34381
045009,Licciana Nardi,4722
058051,Licenza,886
087020,Licodia Eubea,2736
097043,Lierna,2153
002070,Lignana,540
030049,Lignano Sabbiadoro,6854
007042,Lillianes,425
025029,Limana,5372
062038,Limatola,4177
102019,Limbadi,3246
108027,Limbiate,34910
028045,Limena,8180
013128,Limido Comasco,3863
083040,Limina,724
004110,Limone Piemonte,1353
017089,Limone sul Garda,1127
070032,Limosano,693
018081,Linarolo,2796
087021,Linguaglossa,5018
064044,Lioni,5942
083041,Lipari,12585
013129,Lipomo,5930
018082,Lirio,128
015122,Liscate,4076
069049,Liscia,642
054025,Lisciano Niccone,599
004111,Lisio,193
108028,Lissone,46479
063040,Liveri,1486
014037,Livigno,6790
025030,Livinallongo del Col di Lana,1236
022106,Livo,754
013130,Livo,173
049009,Livorno,153859
002071,Livorno Ferraris,4203
098030,Livraga,2471
075038,Lizzanello,11758
073011,Lizzano,9581
037033,Lizzano in Belvedere,2149
009034,Loano,10739
005060,Loazzolo,295
001134,Locana,1318
015125,Locate di Triulzi,10306
016127,Locatello,817
013131,Locate Varesino,4313
091039,Loceri,1287
072025,Locorotondo,13937
080043,Locri,11836
091040,Loculi,491
091041,Lodè,1509
098031,Lodi,44843
091104,Lodine,305
098032,Lodi Vecchio,7578
017090,Lodrino,1617
017091,Lograto,3763
037034,Loiano,4435
090084,Loiri Porto San Paolo,3689
097044,Lomagna,4975
013133,Lomazzo,9944
001135,Lombardore,1698
001136,Lombriasco,1078
018083,Lomello,2034
022108,Lona-Lases,865
012089,Lonate Ceppino,5081
012090,Lonate Pozzolo,11371
017092,Lonato del Garda,16927
048025,Londa,1830
094024,Longano,633
024051,Longare,5518
025071,Longarone,5043
017093,Longhena,549
083042,Longi,1322
040018,Longiano,7229
078067,Longobardi,2529
078068,Longobucco,2613
013134,Longone al Segrino,1943
057034,Longone Sabino,523
024052,Lonigo,15917
001137,Loranzè,1157
028046,Loreggia,7692
103038,Loreglia,212
025032,Lorenzago di Cadore,569
029030,Loreo,3265
042022,Loreto,12925
068021,Loreto Aprutino,7140
026036,Loria,9268
051020,Loro Ciuffenna,5872
043022,Loro Piceno,2136
010030,Lorsica,396
017094,Losine,625
091042,Lotzorai,2126
016128,Lovere,4975
014038,Lovero,619
017095,Lozio,352
012091,Lozza,1180
028047,Lozzo Atestino,3020
025033,Lozzo di Cadore,1262
002072,Lozzolo,772
056033,Lubriano,861
046017,Lucca,89156
084022,Lucca Sicula,1718
071028,Lucera,31033
051021,Lucignano,3394
008033,Lucinasco,297
070033,Lucito,635
066051,Luco dei Marsi,5929
066052,Lucoli,841
006193,Lu e Cuccaro Monferrato,1306
033026,Lugagnano Val d'Arda,3904
055016,Lugnano in Teverina,1429
039012,Lugo,32070
024053,Lugo di Vicenza,3563
012092,Luino,14193
013135,Luisago,2767
091043,Lula,1256
010031,Lumarzo,1419
017096,Lumezzane,21501
111038,Lunamatrona,1619
041022,Lunano,1427
018084,Lungavilla,2439
078069,Lungro,2205
011020,Luni,8159
064045,Luogosano,1088
090036,Luogosanto,1825
070034,Lupara,412
013136,Lurago d'Erba,5436
013137,Lurago Marinone,2583
016129,Lurano,2858
090037,Luras,2387
013138,Lurate Caccivio,9703
061046,Lusciano,16089
022109,Luserna,267
001139,Luserna San Giovanni,7168
001140,Lusernetta,494
030051,Lusevera,596
029031,Lusia,3317
024127,Lusiana Conco,4550
001141,Lusigliè,543
021044,Luson/Lüsen,1581
065064,Lustra,990
012093,Luvinate,1308
016130,Luzzana,885
035026,Luzzara,8533
078070,Luzzi,8766
012142,Maccagno con Pino e Veddasca,2401
098033,Maccastorna,59
094025,Macchia d'Isernia,1014
094026,Macchiagodena,1648
070035,Macchia Valfortore,484
001142,Macello,1152
043023,Macerata,40537
061047,Macerata Campania,10081
041023,Macerata Feltria,1902
108029,Macherio,7526
017097,Maclodio,1487
091044,Macomer,9352
004112,Macra,42
103039,Macugnaga,512
061048,Maddaloni,36893
014035,Madesimo,503
019055,Madignano,2771
016131,Madone,4107
103040,Madonna del Sasso,362
022243,Madruzzo,2967
059013,Maenza,2959
070036,Mafalda,1088
017098,Magasa,106
015130,Magenta,24260
003088,Maggiora,1627
018085,Magherno,1782
054026,Magione,14658
079068,Magisano,1110
004113,Magliano Alfieri,2138
004114,Magliano Alpi,2119
066053,Magliano de' Marsi,3519
109010,Magliano di Tenna,1419
053013,Magliano in Toscana,3294
058052,Magliano Romano,1398
057035,Magliano Sabina,3443
065065,Magliano Vetere,588
075039,Maglie,13484
009035,Magliolo,955
001143,Maglione,417
020029,Magnacavallo,1391
015131,Magnago,9388
096030,Magnano,354
030052,Magnano in Riviera,2258
095083,Magomadas,602
013139,Magreglio,686
021045,Magrè sulla strada del vino/Margreid an der Weinstraße,1305
079069,Maida,4441
078071,Maierà,1125
102020,Maierato,2078
042023,Maiolati Spontini,6006
099022,Maiolo,802
065066,Maiori,5371
098034,Mairago,1381
017099,Mairano,3519
011018,Maissana,575
030053,Majano,5779
019056,Malagnino,1744
037035,Malalbergo,9148
030054,Malborghetto Valbruna,909
023045,Malcesine,3595
022110,Malé,2267
017100,Malegno,1930
098035,Maleo,3004
103041,Malesco,1359
087022,Maletto,3584
083043,Malfa,989
097045,Malgrate,4241
078072,Malito,732
009036,Mallare,1073
021046,Malles Venosta/Mals,5263
012096,Malnate,16429
024055,Malo,14676
017101,Malonno,3005
044027,Maltignano,2204
083044,Malvagna,628
006090,Malvicino,76
078073,Malvito,1613
080044,Mammola,2449
091046,Mamoiada,2384
053014,Manciano,7062
083045,Mandanici,504
111039,Mandas,2004
078074,Mandatoriccio,2447
058053,Mandela,909
097046,Mandello del Lario,9929
003090,Mandello Vitta,226
073012,Manduria,29941
017102,Manerba del Garda,5386
017103,Manerbio,13351
071029,Manfredonia,53975
004115,Mango,1254
078075,Mangone,1905
087057,Maniace,3757
093025,Maniago,11526
064046,Manocalzati,3026
068022,Manoppello,6759
026037,Mansuè,4980
004116,Manta,3771
014039,Mantello,740
020030,Mantova,48824
030055,Manzano,6334
058054,Manziana,7793
016132,Mapello,6917
001316,Mappano,7346
090038,Mara,530
092037,Maracalagonis,7940
036019,Maranello,17329
063041,Marano di Napoli,57931
023046,Marano di Valpolicella,3091
058055,Marano Equo,773
030056,Marano Lagunare,1711
078076,Marano Marchesato,3346
078077,Marano Principato,3052
036020,Marano sul Panaro,5308
003091,Marano Ticino,1564
024056,Marano Vicentino,9281
005061,Maranzana,228
076044,Maratea,4723
015134,Marcallo con Casone,6222
020031,Marcaria,6400
079071,Marcedusa,375
058056,Marcellina,7042
079072,Marcellinara,2157
057036,Marcetelli,70
017104,Marcheno,4161
012097,Marchirolo,3533
049010,Marciana,2041
049011,Marciana Marina,1877
061049,Marcianise,38417
051022,Marciano della Chiana,3431
018086,Marcignago,2422
027020,Marcon,17649
021047,Marebbe/Enneberg,3163
004117,Marene,3290
026038,Mareno di Piave,9481
001144,Marentino,1279
005062,Maretto,374
004118,Margarita,1419
110005,Margherita di Savoia,11168
097047,Margno,390
020032,Mariana Mantovana,827
013143,Mariano Comense,25312
031010,Mariano del Friuli,1446
085008,Marianopoli,1600
063042,Mariglianella,7880
063043,Marigliano,29166
080045,Marina di Gioiosa Ionica,6337
082046,Marineo,6124
058057,Marino,46314
021048,Marlengo/Marling,2846
047007,Marliana,3241
017105,Marmentino,657
020033,Marmirolo,7649
004119,Marmora,54
012098,Marnate,8108
017106,Marone,3112
080046,Maropati,1357
024057,Marostica,13960
048026,Marradi,2900
095025,Marrubiu,4611
004120,Marsaglia,219
081011,Marsala,80016
054027,Marsciano,18048
076045,Marsico Nuovo,3798
076046,Marsicovetere,5622
056034,Marta,3238
075040,Martano,8595
027021,Martellago,21233
021049,Martello/Martell,831
030057,Martignacco,6877
019057,Martignana di Po,2000
075041,Martignano,1570
073013,Martina Franca,47067
016133,Martinengo,10793
004121,Martiniana Po,745
067047,Martinsicuro,16335
079073,Martirano,842
079074,Martirano Lombardo,952
090039,Martis,467
080047,Martone,500
098036,Marudo,1757
073014,Maruggio,5256
037036,Marzabotto,6876
018087,Marzano,1665
061050,Marzano Appio,1978
064047,Marzano di Nola,1645
078078,Marzi,955
012099,Marzio,308
111040,Masainas,1228
015136,Masate,3785
087023,Mascali,14363
087024,Mascalucia,32057
076047,Maschito,1476
012100,Masciago Primo,300
026039,Maser,5099
103042,Masera,1484
026040,Maserada sul Piave,9223
028048,Maserà di Padova,9152
028049,Masi,1801
006091,Masio,1257
038012,Masi Torello,2293
013144,Maslianico,3159
010032,Masone,3360
045010,Massa,66288
066054,Massa d'Albe,1348
063092,Massa di Somma,5006
047008,Massa e Cozzile,7753
109011,Massa Fermana,881
073015,Massafra,32016
098037,Massalengo,4392
039013,Massa Lombarda,10644
063044,Massa Lubrense,14168
053015,Massa Marittima,8167
054028,Massa Martana,3631
028050,Massanzago,6046
046018,Massarosa,21822
096031,Massazza,572
001145,Massello,57
096032,Masserano,1914
044029,Massignano,1602
022112,Massimeno,138
009037,Massimino,95
003093,Massino Visconti,1129
103043,Massiola,113
095026,Masullas,1006
043024,Matelica,9187
077014,Matera,59745
001146,Mathi,3775
075042,Matino,10942
070037,Matrice,1034
001147,Mattie,672
071031,Mattinata,5982
081012,Mazara del Vallo,50312
017107,Mazzano,12655
058058,Mazzano Romano,2962
085009,Mazzarino,10979
083046,Mazzarrà Sant'Andrea,1388
087056,Mazzarrone,3967
001148,Mazzè,4248
022113,Mazzin,593
014040,Mazzo di Valtellina,1033
001149,Meana di Susa,804
091047,Meana Sardo,1599
108030,Meda,23428
018088,Mede,6145
031011,Medea,951
034020,Medesano,10723
037037,Medicina,16654
015139,Mediglia,12313
016250,Medolago,2334
020034,Medole,4152
036021,Medolla,6448
026041,Meduna di Livenza,3017
093026,Meduno,1502
028052,Megliadino San Vitale,1797
003095,Meina,2383
029032,Melara,1675
006092,Melazzo,1221
040019,Meldola,9912
010033,Mele,2532
015140,Melegnano,18018
075043,Melendugno,10049
098038,Meleti,453
076048,Melfi,17120
080048,Melicuccà,841
080049,Melicucco,4856
089012,Melilli,13226
101014,Melissa,3255
075044,Melissano,6664
063045,Melito di Napoli,36375
080050,Melito di Porto Salvo,10474
064048,Melito Irpino,1794
062039,Melizzano,1700
004122,Melle,300
014041,Mello,932
075045,Melpignano,2117
021050,Meltina/Mölten,1718
015142,Melzo,18370
013145,Menaggio,3048
018089,Menconico,349
008034,Mendatica,166
078079,Mendicino,9084
084023,Menfi,11820
058059,Mentana,22561
027022,Meolo,6194
006093,Merana,185
021051,Merano/Meran,41134
097048,Merate,14826
012101,Mercallo,1787
041025,Mercatello sul Metauro,1326
041026,Mercatino Conca,1036
065067,Mercato San Severino,21661
040020,Mercato Saraceno,6814
001150,Mercenasco,1310
064049,Mercogliano,11557
030058,Mereto di Tomba,2520
042024,Mergo,1007
103044,Mergozzo,2147
083047,Merì,2296
028053,Merlara,2515
098039,Merlino,1704
013147,Merone,4086
074010,Mesagne,26179
014043,Mese,1850
012102,Mesenzana,1685
015144,Mesero,4235
038014,Mesola,6459
101015,Mesoraca,5830
083048,Messina,219387
028054,Mestrino,11780
063046,Meta,7784
108031,Mezzago,4479
022114,Mezzana,878
018090,Mezzana Bigli,1050
096033,Mezzana Mortigliengo,474
018091,Mezzana Rabattone,463
023047,Mezzane di Sotto,2553
010034,Mezzanego,1516
018092,Mezzanino,1330
022115,Mezzano,1584
001152,Mezzenile,728
022116,Mezzocorona,5476
082047,Mezzojuso,2622
016134,Mezzoldo,164
022117,Mezzolombardo,7537
003097,Mezzomerico,1193
096034,Miagliano,533
026042,Miane,3123
003098,Miasino,822
103045,Miazzina,364
057037,Micigliano,113
075046,Miggiano,3272
069050,Miglianico,4631
079077,Miglierina,729
077015,Miglionico,2379
010035,Mignanego,3529
061051,Mignano Monte Lungo,3010
015146,Milano,1358420
083049,Milazzo,30128
085010,Milena,2705
102021,Mileto,6361
095027,Milis,1396
087025,Militello in Val di Catania,6777
083050,Militello Rosmarino,1167
009038,Millesimo,3202
087026,Milo,1039
017108,Milzano,1749
087027,Mineo,4514
023048,Minerbe,4585
037038,Minerbio,8897
075047,Minervino di Lecce,3471
110006,Minervino Murge,8190
065068,Minori,2583
059014,Minturno,20324
046019,Minucciano,1805
009039,Mioglia,505
027023,Mira,37652
064050,Mirabella Eclano,6745
087028,Mirabella Imbaccari,4238
006094,Mirabello Monferrato,1215
070038,Mirabello Sannitico,2061
018093,Miradolo Terme,3743
094027,Miranda,945
036022,Mirandola,24233
027024,Mirano,27152
083051,Mirto,886
099005,Misano Adriatico,14005
016135,Misano di Gera d'Adda,2952
081025,Misiliscemi,8523
082048,Misilmeri,28766
108032,Misinto,5681
097049,Missaglia,8847
076049,Missanello,472
087029,Misterbianco,48999
083052,Mistretta,4370
005063,Moasca,535
010036,Moconesi,2421
036023,Modena,184836
088006,Modica,53514
040022,Modigliana,4304
095084,Modolo,170
072027,Modugno,36334
022118,Moena,2559
097050,Moggio,488
030059,Moggio Udinese,1618
020035,Moglia,5398
043025,Mogliano,4324
026043,Mogliano Veneto,27800
095028,Mogorella,408
095029,Mogoro,3907
062040,Moiano,4033
030060,Moimacco,1622
083053,Moio Alcantara,677
016136,Moio de' Calvi,206
065069,Moio della Civitella,1810
004123,Moiola,213
072028,Mola di Bari,24440
006095,Molare,1989
046020,Molazzana,994
072029,Molfetta,57458
066055,Molina Aterno,346
062041,Molinara,1451
037039,Molinella,15668
008035,Molini di Triora,613
006096,Molino dei Torti,568
070039,Molise,146
076050,Moliterno,3574
002078,Mollia,92
080051,Molochio,2230
097051,Molteno,3534
013152,Moltrasio,1512
022120,Molveno,1107
005064,Mombaldone,196
004124,Mombarcaro,260
041027,Mombaroccio,2095
005065,Mombaruzzo,949
004125,Mombasiglio,615
001153,Mombello di Torino,400
006097,Mombello Monferrato,911
005066,Mombercelli,2092
003100,Momo,2382
001154,Mompantero,623
057038,Mompeo,508
006098,Momperone,200
070040,Monacilioni,465
005067,Monale,980
080052,Monasterace,3312
005068,Monastero Bormida,861
001155,Monastero di Lanzo,334
004126,Monastero di Vasco,1265
004127,Monasterolo Casotto,81
016137,Monasterolo del Castello,1137
004128,Monasterolo di Savigliano,1330
026044,Monastier di Treviso,4436
111041,Monastir,4452
001156,Moncalieri,56073
005069,Moncalvo,2740
001157,Moncenisio,47
006099,Moncestino,190
004129,Monchiero,570
034022,Monchio delle Corti,842
002079,Moncrivello,1373
005070,Moncucco Torinese,874
099006,Mondaino,1318
041028,Mondavio,3636
041029,Mondolfo,14283
004130,Mondovì,22102
061052,Mondragone,28777
010037,Moneglia,2540
004131,Monesiglio,585
031012,Monfalcone,29570
004132,Monforte d'Alba,1953
083054,Monforte San Giorgio,2503
026045,Monfumo,1309
005071,Mongardino,856
037040,Monghidoro,3801
102022,Mongiana,631
006100,Mongiardino Ligure,150
083055,Mongiuffi Melia,529
096035,Mongrando,3610
078080,Mongrassano,1466
021052,Monguelfo-Tesido/Welsberg-Taisten,2901
013153,Monguzzo,2365
017109,Moniga del Garda,2622
006101,Monleale,554
017110,Monno,512
072030,Monopoli,48004
082049,Monreale,38732
032002,Monrupino,853
109012,Monsampietro Morico,608
044031,Monsampolo del Tronto,4444
042025,Monsano,3294
028055,Monselice,17231
092109,Monserrato,18968
047009,Monsummano Terme,20789
004133,Montà,4691
005072,Montabone,320
006102,Montacuto,248
005073,Montafia,933
070041,Montagano,987
014044,Montagna in Valtellina,2982
021053,Montagna/Montan,1709
028056,Montagnana,8946
083056,Montagnareale,1399
064051,Montaguto,348
048027,Montaione,3492
083057,Montalbano Elicona,2036
077016,Montalbano Jonico,6689
052037,Montalcino,5623
006103,Montaldeo,215
006104,Montaldo Bormida,605
004134,Montaldo di Mondovì,541
004135,Montaldo Roero,889
005074,Montaldo Scarampi,694
001158,Montaldo Torinese,725
047010,Montale,10565
001159,Montalenghe,974
084024,Montallegro,2373
008068,Montalto Carpasio,511
044032,Montalto delle Marche,1895
056035,Montalto di Castro,8721
001160,Montalto Dora,3296
018094,Montalto Pavese,852
078081,Montalto Uffugo,20117
001161,Montanaro,5056
098040,Montanaso Lombardo,2236
004136,Montanera,701
065070,Montano Antilia,1683
013154,Montano Lucino,5402
109013,Montappone,1544
094028,Montaquila,2283
057039,Montasola,391
079080,Montauro,1777
069051,Montazzoli,834
053016,Monte Argentario,11889
018095,Montebello della Battaglia,1446
068023,Montebello di Bertona,865
080053,Montebello Jonico,5725
069009,Montebello sul Sangro,81
024060,Montebello Vicentino,6312
026046,Montebelluna,31191
010038,Montebruno,199
057040,Montebuono,811
041030,Montecalvo in Foglia,2723
064052,Montecalvo Irpino,3332
018096,Montecalvo Versiggia,499
046021,Montecarlo,4403
042026,Montecarotto,1840
043026,Montecassiano,6842
006105,Montecastello,284
054029,Monte Castello di Vibio,1427
055017,Montecastrilli,4814
047011,Montecatini-Terme,20789
050019,Montecatini Val di Cecina,1685
043027,Monte Cavallo,105
023049,Montecchia di Crosara,4220
055018,Montecchio,1528
035027,Montecchio Emilia,10422
024061,Montecchio Maggiore,23391
024062,Montecchio Precalcino,4943
041031,Monte Cerignone,606
006106,Montechiaro d'Acqui,506
005075,Montechiaro d'Asti,1234
034023,Montechiarugolo,11229
070042,Montecilfone,1205
058060,Monte Compatri,11845
099030,Montecopiolo,1030
065071,Montecorice,2549
065072,Montecorvino Pugliano,11113
065073,Montecorvino Rovella,12263
043028,Montecosaro,7386
019058,Monte Cremasco,2238
103046,Montecrestese,1274
036024,Montecreto,930
024063,Monte di Malo,2801
044034,Montedinove,463
063047,Monte di Procida,11898
085011,Montedoro,1399
064053,Montefalcione,3098
054030,Montefalco,5363
109014,Montefalcone Appennino,368
062042,Montefalcone di Val Fortore,1314
070043,Montefalcone nel Sannio,1382
043029,Montefano,3324
041034,Montefelcino,2511
069052,Monteferrante,106
056036,Montefiascone,12979
067027,Montefino,944
099008,Montefiore Conca,2305
044036,Montefiore dell'Aso,1987
036025,Montefiorino,2084
058061,Monteflavio,1178
065074,Monteforte Cilento,536
023050,Monteforte d'Alpone,8951
064054,Monteforte Irpino,11355
109015,Montefortino,1047
055019,Montefranco,1261
064055,Montefredane,2111
064056,Montefusco,1194
055020,Montegabbione,1113
024064,Montegalda,3356
024065,Montegaldella,1790
044038,Montegallo,420
109016,Monte Giberto,725
006107,Montegioco,282
078082,Montegiordano,1566
109017,Montegiorgio,6364
109018,Montegranaro,12515
099009,Montegridolfo,994
041035,Monte Grimano Terme,1099
012103,Montegrino Valtravaglia,1486
005076,Montegrosso d'Asti,2318
008037,Montegrosso Pian Latte,112
028057,Montegrotto Terme,11428
073016,Monteiasi,5339
017111,Monte Isola,1621
041036,Montelabbate,7012
058062,Montelanico,2053
069053,Montelapiano,74
109019,Monteleone di Fermo,347
071032,Monteleone di Puglia,944
054031,Monteleone di Spoleto,555
055021,Monteleone d'Orvieto,1368
090040,Monteleone Rocca Doria,106
057041,Monteleone Sabino,1177
082050,Montelepre,5745
058063,Montelibretti,5127
064057,Montella,7320
016139,Montello,3219
070044,Montelongo,307
109020,Montelparo,701
004137,Montelupo Albese,468
048028,Montelupo Fiorentino,14202
043030,Montelupone,3360
082051,Montemaggiore Belsito,2954
005077,Montemagno,1037
004138,Montemale di Cuneo,222
064058,Montemarano,2619
042027,Montemarciano,9780
097052,Monte Marenzo,1836
006108,Montemarzino,306
073017,Montemesola,3561
013155,Montemezzo,211
051023,Montemignaio,518
064059,Montemiletto,5064
076051,Montemilone,1374
070045,Montemitro,290
044044,Montemonaco,525
100003,Montemurlo,19177
076052,Montemurro,1094
030061,Montenars,479
070046,Montenero di Bisaccia,6195
069054,Montenerodomo,601
057042,Montenero Sabino,277
094029,Montenero Val Cocchiara,490
069055,Monteodorisio,2333
079081,Montepaone,5686
073018,Monteparano,2315
041038,Monte Porzio,2791
058064,Monte Porzio Catone,8601
044045,Monteprandone,12931
052015,Montepulciano,13280
051024,Monterchi,1701
066056,Montereale,2202
093027,Montereale Valcellina,4228
037041,Monterenzio,6120
052016,Monteriggioni,10000
109021,Monte Rinaldo,317
042029,Monte Roberto,3032
094030,Monteroduni,2072
056037,Monte Romano,1872
052017,Monteroni d'Arbia,9068
075048,Monteroni di Lecce,13331
056038,Monterosi,4811
011019,Monterosso al Mare,1340
088007,Monterosso Almo,2789
102023,Monterosso Calabro,1509
004139,Monterosso Grana,520
058065,Monterotondo,41081
053027,Monterotondo Marittimo,1270
109022,Monterubbiano,1999
059015,Monte San Biagio,6078
065075,Monte San Giacomo,1419
060044,Monte San Giovanni Campano,12044
057043,Monte San Giovanni in Sabina,644
043031,Monte San Giusto,7474
043032,Monte San Martino,697
075049,Montesano Salentino,2604
065076,Montesano sulla Marcellana,6219
109023,Monte San Pietrangeli,2245
037042,Monte San Pietro,10741
051025,Monte San Savino,8573
054032,Monte Santa Maria Tiberina,1089
071033,Monte Sant'Angelo,11354
042030,Monte San Vito,6712
062043,Montesarchio,12986
077017,Montescaglioso,9259
018097,Montescano,419
103047,Montescheno,377
050020,Montescudaio,2147
099029,Montescudo-Monte Colombo,6774
036026,Montese,3256
018098,Montesegale,258
068024,Montesilvano,53573
048030,Montespertoli,13249
001162,Monteu da Po,866
109024,Monte Urano,7854
004140,Monteu Roero,1611
084025,Montevago,2701
051026,Montevarchi,24137
097053,Montevecchia,2681
064060,Monteverde,696
050021,Monteverdi Marittimo,766
024066,Monteviale,2795
109025,Monte Vidon Combatte,392
109026,Monte Vidon Corrado,678
004141,Montezemolo,228
090041,Monti,2334
040028,Montiano,1709
017112,Monticelli Brusati,4598
033027,Monticelli d'Ongina,5150
018099,Monticelli Pavese,624
097054,Monticello Brianza,4132
024067,Monticello Conte Otto,9045
004142,Monticello d'Alba,2328
017113,Montichiari,26180
052018,Monticiano,1563
053017,Montieri,1191
005121,Montiglio Monferrato,1499
045011,Montignoso,10030
017114,Montirone,5064
007043,Montjovet,1757
019059,Montodine,2455
010039,Montoggio,2005
054033,Montone,1585
057044,Montopoli di Sabina,4083
050022,Montopoli in Val d'Arno,11187
013157,Montorfano,2514
067028,Montorio al Vomano,7438
070047,Montorio nei Frentani,359
058066,Montorio Romano,1923
064121,Montoro,19354
024068,Montorso Vicentino,3041
109027,Montottone,889
095085,Montresta,438
018100,Montù Beccaria,1606
012104,Monvalle,1924
108033,Monza,122369
020036,Monzambano,4834
037044,Monzuno,6418
078083,Morano Calabro,3890
006109,Morano sul Po,1289
005122,Moransengo-Tonengo,393
031013,Moraro,702
012105,Morazzone,4298
014045,Morbegno,12261
006110,Morbello,381
075050,Morciano di Leuca,3051
099011,Morciano di Romagna,7135
062044,Morcone,4526
037045,Mordano,4598
016140,Morengo,2495
090042,Mores,1722
109028,Moresco,515
004143,Moretta,4071
033028,Morfasso,888
026047,Morgano,4424
007044,Morgex,2059
095030,Morgongiori,661
022123,Mori,10136
026048,Moriago della Battaglia,2825
058067,Moricone,2424
065077,Morigerati,608
015150,Morimondo,1011
066057,Morino,1302
001163,Moriondo Torinese,855
058068,Morlupo,8486
078084,Mormanno,2630
012106,Mornago,4873
006111,Mornese,689
016141,Mornico al Serio,2945
018101,Mornico Losana,600
060045,Morolo,3199
004144,Morozzo,2009
064063,Morra De Sanctis,1124
042031,Morro d'Alba,1793
067029,Morro d'Oro,3557
070048,Morrone del Sannio,524
057045,Morro Reatino,322
043033,Morrovalle,9826
093028,Morsano al Tagliamento,2674
006112,Morsasco,614
018102,Mortara,15419
030062,Mortegliano,4814
097055,Morterone,32
030063,Moruzzo,2424
019060,Moscazzano,710
064064,Moschiano,1577
067030,Mosciano Sant'Angelo,9080
068025,Moscufo,3094
021054,Moso in Passiria/Moos in Passeier,2032
031014,Mossa,1523
019061,Motta Baluffi,786
083058,Motta Camastra,794
083059,Motta d'Affermo,657
002082,Motta de' Conti,717
026049,Motta di Livenza,10734
078085,Mottafollone,1068
096037,Mottalciata,1303
071034,Motta Montecorvino,650
080054,Motta San Giovanni,5584
079083,Motta Santa Lucia,798
087030,Motta Sant'Anastasia,12114
015151,Motta Visconti,8154
020037,Motteggiana,2426
073019,Mottola,15317
069056,Mozzagrogna,2392
016142,Mozzanica,4384
013159,Mozzate,8769
023051,Mozzecane,8110
016143,Mozzo,7306
043034,Muccia,808
032003,Muggia,12872
108034,Muggiò,23546
064065,Mugnano del Cardinale,5118
063048,Mugnano di Napoli,34740
098041,Mulazzano,5796
045012,Mulazzo,2289
017115,Mura,777
111042,Muravera,5172
004145,Murazzano,875
004146,Murello,929
009040,Murialdo,742
006113,Murisengo,1269
052019,Murlo,2429
075051,Muro Leccese,4706
076053,Muro Lucano,4959
090043,Muros,819
017116,Muscoline,2697
111043,Musei,1508
027025,Musile di Piave,11393
013160,Musso,943
024070,Mussolente,7581
085012,Mussomeli,9915
030064,Muzzana del Turgnano,2340
096038,Muzzano,578
022124,Nago-Torbole,2802
021055,Nalles/Nals,2072
024071,Nanto,3092
063049,Napoli,917510
095031,Narbolia,1666
111044,Narcao,3052
075052,Nardò,30788
102024,Nardodipace,1089
055022,Narni,17980
084026,Naro,7015
004147,Narzole,3512
009041,Nasino,170
083060,Naso,3467
021056,Naturno/Naturns,6080
017117,Nave,10565
066058,Navelli,541
021057,Naz-Sciaves/Natz-Schabs,3356
058069,Nazzano,1342
010040,Ne,2128
003103,Nebbiuno,1797
023052,Negrar di Valpolicella,16605
010041,Neirone,851
004148,Neive,3317
016144,Nembro,11243
058070,Nemi,1881
076054,Nemoli,1380
095032,Neoneli,608
056039,Nepi,9406
067031,Nereto,5294
058071,Nerola,1909
026050,Nervesa della Battaglia,6556
015154,Nerviano,16892
057046,Nespolo,195
013161,Nesso,1154
096039,Netro,933
058072,Nettuno,48392
075053,Neviano,4908
034024,Neviano degli Arduini,3426
004149,Neviglie,367
017118,Niardo,1944
003104,Nibbiola,811
097056,Nibionno,3579
001164,Nichelino,46269
087031,Nicolosi,7613
018103,Nicorvo,276
086012,Nicosia,12688
102025,Nicotera,5888
004150,Niella Belbo,326
004151,Niella Tanaro,955
030065,Nimis,2585
085013,Niscemi,25022
086013,Nissoria,2842
083061,Nizza di Sicilia,3523
005080,Nizza Monferrato,10121
027026,Noale,16157
001165,Noasca,108
078086,Nocara,319
068026,Nocciano,1693
065078,Nocera Inferiore,44107
065079,Nocera Superiore,23767
079087,Nocera Terinese,4723
054034,Nocera Umbra,5528
034025,Noceto,13221
072031,Noci,18368
075054,Nociglia,2130
076055,Noepoli,745
023053,Nogara,8241
022127,Nogaredo,2080
023054,Nogarole Rocca,3837
024072,Nogarole Vicentino,1238
072032,Noicattaro,25935
063050,Nola,33723
001166,Nole,6763
009042,Noli,2450
001167,Nomaglio,282
022128,Nomi,1309
036027,Nonantola,16127
001168,None,7790
103048,Nonio,830
091050,Noragugume,279
095033,Norbello,1125
054035,Norcia,4543
059016,Norma,3643
015155,Nosate,645
067032,Notaresco,6349
089013,Noto,24308
099023,Novafeltria,6949
022129,Novaledo,1125
001169,Novalesa,513
021058,Nova Levante/Welschnofen,2034
108035,Nova Milanese,23027
021059,Nova Ponente/Deutschnofen,4046
003106,Novara,101797
083062,Novara di Sicilia,1174
077018,Nova Siri,6796
014046,Novate Mezzola,1903
015157,Novate Milanese,19971
024073,Nove,4874
013163,Novedrate,2904
022253,Novella,3595
035028,Novellara,13274
004152,Novello,947
027027,Noventa di Piave,6982
028058,Noventa Padovana,11497
024074,Noventa Vicentina,8969
036028,Novi di Modena,10109
015158,Noviglio,4538
006114,Novi Ligure,27394
065080,Novi Velia,2334
075055,Novoli,7588
004153,Nucetto,386
090044,Nughedu San Nicolò,748
095034,Nughedu Santa Vittoria,433
090045,Nule,1285
090046,Nulvi,2638
042032,Numana,3742
091051,Nuoro,33923
095035,Nurachi,1683
111045,Nuragus,839
111046,Nurallao,1149
111047,Nuraminis,2311
095036,Nureci,314
111048,Nurri,2027
007045,Nus,2989
064066,Nusco,3898
017119,Nuvolento,3890
017120,Nuvolera,4720
111049,Nuxis,1437
096040,Occhieppo Inferiore,3767
096041,Occhieppo Superiore,2597
029033,Occhiobello,12056
006115,Occimiano,1232
066059,Ocre,1118
006116,Odalengo Grande,415
006117,Odalengo Piccolo,223
026051,Oderzo,20070
017121,Odolo,1917
066060,Ofena,416
042033,Offagna,2056
019062,Offanengo,5967
044054,Offida,4657
017122,Offlaga,4093
103049,Oggebbio,851
012107,Oggiona con Santo Stefano,4336
097057,Oggiono,9097
001170,Oglianico,1446
065081,Ogliastro Cilento,2272
090047,Olbia,61172
002088,Olcenengo,792
002089,Oldenico,222
003108,Oleggio,14249
003109,Oleggio Castello,2224
018104,Olevano di Lomellina,712
058073,Olevano Romano,6367
065082,Olevano sul Tusciano,6528
013165,Olgiate Comasco,11870
097058,Olgiate Molgora,6294
012108,Olgiate Olona,12688
097059,Olginate,6911
091055,Oliena,6607
079088,Olivadi,487
018105,Oliva Gessi,168
083063,Oliveri,2081
065083,Oliveto Citra,3627
097060,Oliveto Lario,1199
077019,Oliveto Lucano,349
008038,Olivetta San Michele,196
006118,Olivola,111
095037,Ollastra,1129
091056,Ollolai,1174
007046,Ollomont,170
090048,Olmedo,4187
019063,Olmeneta,907
016145,Olmo al Brembo,471
005081,Olmo Gentile,73
016146,Oltre il Colle,956
016147,Oltressenda Alta,135
013169,Oltrona di San Mamette,2337
091057,Olzai,766
017123,Ome,3163
103050,Omegna,14355
065084,Omignano,1651
091058,Onanì,359
056040,Onano,893
004154,Oncino,81
016148,Oneta,565
091059,Onifai,709
091060,Oniferi,859
016149,Onore,923
017124,Ono San Pietro,966
009043,Onzo,220
015159,Opera,14295
066061,Opi,378
023055,Oppeano,10283
076056,Oppido Lucano,3560
080055,Oppido Mamertina,4801
021060,Ora/Auer,3878
091061,Orani,2702
070049,Oratino,1681
001171,Orbassano,23076
053018,Orbetello,14315
050023,Orciano Pisano,635
009044,Orco Feglino,919
071063,Ordona,2837
010042,Orero,498
024075,Orgiano,3000
091062,Orgosolo,3948
074011,Oria,14530
066062,Oricola,1248
012109,Origgio,8011
012110,Orino,843
016150,Orio al Serio,1650
001172,Orio Canavese,746
098042,Orio Litta,2025
078087,Oriolo,1834
056041,Oriolo Romano,3721
095038,Oristano,30447
004155,Ormea,1481
026052,Ormelle,4526
108036,Ornago,5300
103051,Ornavasso,3324
016151,Ornica,137
091063,Orosei,6799
091064,Orotelli,1892
065085,Orria,979
111050,Orroli,1968
026053,Orsago,3825
006119,Orsara Bormida,392
071035,Orsara di Puglia,2508
013170,Orsenigo,2648
069057,Orsogna,3660
078088,Orsomarso,1121
111051,Ortacesus,873
061053,Orta di Atella,27309
071036,Orta Nova,16788
003112,Orta San Giulio,1068
056042,Orte,9076
075056,Ortelle,2199
109029,Ortezzano,741
051027,Ortignano Raggiolo,836
021061,Ortisei/St. Ulrich,4798
069058,Ortona,22250
066063,Ortona dei Marsi,408
009045,Ortovero,1650
066064,Ortucchio,1739
091066,Ortueri,1029
091067,Orune,2141
055023,Orvieto,19497
057047,Orvinio,396
017125,Orzinuovi,12442
017126,Orzivecchi,2446
001173,Osasco,1150
001174,Osasio,929
090049,Oschiri,3016
091068,Osidda,217
009046,Osiglia,430
090050,Osilo,2800
042034,Osimo,34737
091069,Osini,714
016152,Osio Sopra,5217
016153,Osio Sotto,12632
097061,Osnago,4735
030066,Osoppo,2783
008039,Ospedaletti,3172
022130,Ospedaletto,796
064067,Ospedaletto d'Alpinolo,2024
028059,Ospedaletto Euganeo,5578
098043,Ospedaletto Lodigiano,1932
025035,Ospitale di Cadore,261
017127,Ospitaletto,14744
098044,Ossago Lodigiano,1405
022131,Ossana,818
090051,Ossi,5474
017128,Ossimo,1471
015164,Ossona,4309
004156,Ostana,84
038017,Ostellato,5617
019064,Ostiano,2715
020038,Ostiglia,6643
042035,Ostra,6287
042036,Ostra Vetere,3104
074012,Ostuni,30171
075057,Otranto,5646
055024,Otricoli,1718
091070,Ottana,2173
065086,Ottati,605
063051,Ottaviano,23201
006120,Ottiglio,585
018106,Ottobiano,1076
033030,Ottone,434
001175,Oulx,3278
006121,Ovada,10788
030067,Ovaro,1733
006122,Oviglio,1193
066065,Ovindoli,1168
091071,Ovodda,1522
007047,Oyace,209
001176,Ozegna,1177
090052,Ozieri,9853
037046,Ozzano dell'Emilia,14055
006123,Ozzano Monferrato,1349
015165,Ozzero,1391
111052,Pabillonis,2481
081013,Paceco,10787
083064,Pace del Mela,6004
066066,Pacentro,1081
089014,Pachino,21779
054036,Paciano,955
017129,Padenghe sul Garda,4838
006124,Paderna,193
097062,Paderno d'Adda,3863
015166,Paderno Dugnano,47217
017130,Paderno Franciacorta,3640
019065,Paderno Ponchielli,1320
028060,Padova,207112
090053,Padria,598
090090,Padru,2072
065087,Padula,4908
062045,Paduli,3613
004157,Paesana,2582
026055,Paese,22041
065088,Pagani,34193
057048,Paganico Sabino,154
016154,Pagazzano,2108
083065,Pagliara,1120
069059,Paglieta,4162
030068,Pagnacco,5093
004158,Pagno,591
097063,Pagnona,320
064068,Pago del Vallo di Lauro,1723
062046,Pago Veiano,2269
017131,Paisco Loveno,172
017132,Paitone,2181
016155,Paladina,3961
036029,Palagano,2052
073020,Palagianello,7590
073021,Palagiano,15786
087032,Palagonia,15798
050024,Palaia,4532
034026,Palanzano,1037
070050,Palata,1539
090054,Palau,4053
016156,Palazzago,4513
082052,Palazzo Adriano,1811
001177,Palazzo Canavese,834
089015,Palazzolo Acreide,8102
030069,Palazzolo dello Stella,2826
017133,Palazzolo sull'Oglio,20163
002090,Palazzolo Vercellese,1098
019066,Palazzo Pignano,3806
076057,Palazzo San Gervasio,4437
048031,Palazzuolo sul Senio,1113
069060,Palena,1235
079089,Palermiti,1058
082053,Palermo,632499
058074,Palestrina,22071
018107,Palestro,1789
060046,Paliano,7934
080056,Palizzi,1936
101016,Pallagorio,981
103052,Pallanzeno,1100
009047,Pallare,877
063052,Palma Campania,16246
084027,Palma di Montechiaro,21399
030070,Palmanova,5291
075058,Palmariggi,1383
095039,Palmas Arborea,1483
080057,Palmi,17950
044056,Palmiano,160
069061,Palmoli,821
072033,Palo del Colle,20612
058075,Palombara Sabina,12895
069062,Palombaro,958
065089,Palomonte,3736
016157,Palosco,5744
023056,Palù,1194
022133,Palù del Fersina,161
078089,Paludi,966
030071,Paluzza,1975
004159,Pamparato,265
001178,Pancalieri,1991
018108,Pancarana,304
022134,Panchià,812
019067,Pandino,8865
078090,Panettieri,311
054037,Panicale,5302
062047,Pannarano,1991
071037,Panni,692
081014,Pantelleria,7362
015167,Pantigliate,5777
078091,Paola,14732
062048,Paolisi,1980
078092,Papasidero,629
029034,Papozze,1362
015168,Parabiago,28031
075059,Parabita,8720
017134,Paratico,4960
021062,Parcines/Partschins,3877
001179,Parella,411
078093,Parenti,2021
061054,Parete,12422
006125,Pareto,498
102026,Parghelia,1278
097064,Parlasco,137
034027,Parma,197018
006126,Parodi Ligure,602
004160,Paroldo,190
064069,Parolise,636
018109,Parona,1866
055025,Parrano,488
016158,Parre,2675
081015,Partanna,9868
082054,Partinico,30688
003114,Paruzzaro,2145
016159,Parzanica,328
030072,Pasian di Prato,9245
093029,Pasiano di Pordenone,7847
017135,Paspardo,579
005082,Passerano Marmorito,441
054038,Passignano sul Trasimeno,5717
017136,Passirano,6890
060047,Pastena,1270
061055,Pastorano,2898
023057,Pastrengo,3075
006127,Pasturana,1285
097065,Pasturo,1959
076100,Paterno,3050
087033,Paternò,45259
078094,Paterno Calabro,1352
064070,Paternopoli,2146
060048,Patrica,3078
090055,Pattada,2859
083066,Patti,12709
075060,Patù,1637
095040,Pau,274
030073,Paularo,2335
111053,Pauli Arbarei,567
095041,Paulilatino,2116
015169,Paullo,11099
062049,Paupisi,1452
001180,Pavarolo,1168
018110,Pavia,70904
030074,Pavia di Udine,5487
001181,Pavone Canavese,3607
017137,Pavone del Mella,2676
036030,Pavullo nel Frignano,18140
080058,Pazzano,499
050025,Peccioli,4676
006128,Pecetto di Valenza,1181
001183,Pecetto Torinese,4028
087034,Pedara,15060
109030,Pedaso,2842
025036,Pedavena,4311
024076,Pedemonte,664
026056,Pederobba,7333
014047,Pedesina,37
078096,Pedivigliano,736
016160,Pedrengo,5917
041041,Peglio,648
013178,Peglio,186
020039,Pegognaga,6876
016161,Peia,1707
022136,Peio,1819
048032,Pelago,7805
003115,Pella,886
034028,Pellegrino Parmense,963
065090,Pellezzano,10911
022137,Pellizzano,790
022138,Pelugo,408
005083,Penango,436
099024,Pennabilli,2628
069063,Pennadomo,211
055026,Penna in Teverina,1028
069064,Pennapiedimonte,412
043035,Penna San Giovanni,946
067033,Penna Sant'Andrea,1648
068027,Penne,11229
079092,Pentone,1893
069065,Perano,1498
025037,Perarolo di Cadore,368
021063,Perca/Percha,1694
058076,Percile,219
091072,Perdasdefogu,1724
111054,Perdaxius,1305
065091,Perdifumo,1767
066067,Pereto,638
090056,Perfugas,2253
022139,Pergine Valsugana,21620
041043,Pergola,5790
008040,Perinaldo,827
065092,Perito,815
097067,Perledo,850
004161,Perletto,254
004162,Perlo,106
007048,Perloz,459
028061,Pernumia,3764
015170,Pero,11605
001184,Perosa Argentina,3082
001185,Perosa Canavese,514
001186,Perrero,571
019068,Persico Dosimo,3270
002091,Pertengo,301
017139,Pertica Alta,555
017140,Pertica Bassa,555
065093,Pertosa,658
001187,Pertusio,747
054039,Perugia,162367
041044,Pesaro,95620
046022,Pescaglia,3297
023058,Pescantina,17434
068028,Pescara,118829
019069,Pescarolo ed Uniti,1523
066068,Pescasseroli,2071
097068,Pescate,2151
094031,Pesche,1513
071038,Peschici,4285
015171,Peschiera Borromeo,24355
023059,Peschiera del Garda,10990
047012,Pescia,19277
066069,Pescina,3726
066070,Pescocostanzo,1080
094032,Pescolanciano,787
076058,Pescopagano,1664
094033,Pescopennataro,239
057049,Pescorocchiano,1868
062050,Pesco Sannita,1845
068029,Pescosansonesco,460
060049,Pescosolido,1431
015172,Pessano con Bornago,8914
019070,Pessina Cremonese,565
001188,Pessinetto,584
070051,Petacciato,3482
101017,Petilia Policastro,8640
065094,Petina,1015
082055,Petralia Soprana,2973
082056,Petralia Sottana,2477
057050,Petrella Salto,1035
070052,Petrella Tifernina,1041
041045,Petriano,2773
043036,Petriolo,1835
109031,Petritoli,2157
079094,Petrizzi,1010
079095,Petronà,2374
081024,Petrosino,7935
064071,Petruro Irpino,303
003116,Pettenasco,1341
096042,Pettinengo,1463
083067,Pettineo,1240
094034,Pettoranello del Molise,446
066071,Pettorano sul Gizio,1308
029035,Pettorazza Grimani,1445
004163,Peveragno,5465
002093,Pezzana,1284
017141,Pezzaze,1452
004164,Pezzolo Valle Uzzone,305
033032,Piacenza,102728
028062,Piacenza d'Adige,1232
019116,Piadena Drizzona,4000
065095,Piaggine,1152
009048,Piana Crixia,725
082057,Piana degli Albanesi,5539
061056,Piana di Monte Verna,2076
017142,Pian Camuno,4770
052020,Piancastagnaio,3882
017206,Piancogno,4782
041047,Piandimeleto,2032
078097,Piane Crati,1370
068030,Pianella,8495
013183,Pianello del Lario,1061
033033,Pianello Val Tidone,2165
019072,Pianengo,2534
001189,Pianezza,15455
024077,Pianezze,2170
004165,Pianfei,2086
016162,Pianico,1442
027028,Pianiga,12198
063053,Piano di Sorrento,12380
079096,Pianopoli,2532
037047,Pianoro,17654
056043,Piansano,1928
014048,Piantedo,1417
016163,Piario,1000
004166,Piasco,2715
014049,Piateda,2044
096043,Piatto,469
046023,Piazza al Serchio,2106
086014,Piazza Armerina,20702
016164,Piazza Brembana,1189
016165,Piazzatorre,391
028063,Piazzola sul Brenta,11093
016166,Piazzolo,85
068031,Picciano,1277
076059,Picerno,5639
060050,Picinisco,1104
060051,Pico,2640
005084,Piea,510
096044,Piedicavallo,169
087035,Piedimonte Etneo,3911
061057,Piedimonte Matese,10176
060052,Piedimonte San Germano,6331
103053,Piedimulera,1461
054040,Piegaro,3400
052021,Pienza,1983
019073,Pieranica,1103
094035,Pietrabbondante,606
008041,Pietrabruna,451
067034,Pietracamela,218
070053,Pietracatella,1242
070054,Pietracupa,208
064072,Pietradefusi,1933
018111,Pietra de' Giorgi,752
069103,Pietraferrazzana,129
078098,Pietrafitta,1166
076060,Pietragalla,3868
009049,Pietra Ligure,8249
054041,Pietralunga,1991
006129,Pietra Marazzi,890
061058,Pietramelara,4497
071039,Pietramontecorvino,2470
068032,Pietranico,439
078099,Pietrapaola,1000
076061,Pietrapertosa,894
086015,Pietraperzia,6326
004167,Pietraporzio,71
062051,Pietraroja,507
041048,Pietrarubbia,604
046024,Pietrasanta,22933
064073,Pietrastornina,1458
061059,Pietravairano,2810
062052,Pietrelcina,2884
018112,Pieve Albignola,819
047013,Pieve a Nievole,9122
018113,Pieve del Cairo,1749
026096,Pieve del Grappa,6687
022234,Pieve di Bono-Prezzo,1444
025039,Pieve di Cadore,3659
037048,Pieve di Cento,7268
026057,Pieve di Soligo,11573
008042,Pieve di Teco,1307
019074,Pieve d'Olmi,1237
015173,Pieve Emanuele,15697
098045,Pieve Fissiraga,1751
046025,Pieve Fosciana,2236
010043,Pieve Ligure,2404
036031,Pievepelago,2163
018114,Pieve Porto Morone,2566
019075,Pieve San Giacomo,1604
051030,Pieve Santo Stefano,2969
022142,Pieve Tesino,648
043038,Pieve Torina,1235
103054,Pieve Vergonte,2426
060053,Piglio,4387
008043,Pigna,751
060054,Pignataro Interamna,2427
061060,Pignataro Maggiore,5743
076062,Pignola,6786
011021,Pignone,515
013184,Pigra,238
002096,Pila,138
111055,Pimentel,1121
063054,Pimonte,5882
018115,Pinarolo Po,1698
001190,Pinasca,2826
029036,Pincara,1088
001191,Pinerolo,35417
067035,Pineto,14583
005085,Pino d'Asti,213
001192,Pino Torinese,8431
093030,Pinzano al Tagliamento,1521
022143,Pinzolo,3043
041049,Piobbico,1802
004168,Piobesi d'Alba,1421
001193,Piobesi Torinese,3803
002097,Piode,190
015175,Pioltello,36271
049012,Piombino,32337
028064,Piombino Dese,9409
043039,Pioraco,973
001194,Piossasco,18016
005086,Piovà Massaia,577
028065,Piove di Sacco,20081
024078,Piovene Rocchette,8277
033034,Piozzano,579
004169,Piozzo,991
083068,Piraino,3792
050026,Pisa,89059
003119,Pisano,804
001195,Piscina,3286
111056,Piscinas,794
065096,Pisciotta,2434
017143,Pisogne,7860
058077,Pisoniano,732
077020,Pisticci,16740
047014,Pistoia,89524
053019,Pitigliano,3585
020041,Piubega,1741
014050,Piuro,1911
001196,Piverone,1283
018116,Pizzale,680
019076,Pizzighettone,6262
102027,Pizzo,8843
069066,Pizzoferrato,973
066072,Pizzoli,4297
094036,Pizzone,309
102028,Pizzoni,979
080059,Placanica,1028
078100,Plataci,656
079099,Platania,1973
080060,Platì,3747
021064,Plaus/Plaus,755
013185,Plesio,818
090057,Ploaghe,4285
009050,Plodio,631
004170,Pocapaglia,3307
030075,Pocenia,2368
045013,Podenzana,2101
033035,Podenzano,9054
060055,Pofi,3922
075061,Poggiardo,5842
052022,Poggibonsi,28363
100004,Poggio a Caiano,9929
057051,Poggio Bustone,1957
057052,Poggio Catino,1268
054042,Poggiodomo,94
069067,Poggiofiorito,797
071040,Poggio Imperiale,2489
063055,Poggiomarino,22284
057053,Poggio Mirteto,6138
057054,Poggio Moiano,2827
057055,Poggio Nativo,2589
066073,Poggio Picenze,1004
081016,Poggioreale,1313
038018,Poggio Renatico,9721
072034,Poggiorsini,1279
020042,Poggio Rusco,6456
057056,Poggio San Lorenzo,546
042037,Poggio San Marcello,675
094037,Poggio Sannita,570
043040,Poggio San Vicino,222
099028,Poggio Torriana,5144
014051,Poggiridenti,1807
015176,Pogliano Milanese,8414
013186,Pognana Lario,667
016167,Pognano,1552
003120,Pogno,1351
001197,Poirino,10186
024079,Pojana Maggiore,4223
017144,Polaveno,2458
093031,Polcenigo,3121
029037,Polesella,3642
034050,Polesine Zibello,3100
058078,Poli,2217
102029,Polia,826
077021,Policoro,17873
072035,Polignano a Mare,17550
036032,Polinago,1589
055027,Polino,206
080061,Polistena,9919
082058,Polizzi Generosa,2913
065097,Polla,5112
007049,Pollein,1487
063056,Pollena Trocchia,12792
043041,Pollenza,6243
065098,Pollica,2155
082059,Pollina,2850
096046,Pollone,2015
069068,Pollutri,2046
004171,Polonghera,1125
017145,Polpenazze del Garda,2729
028066,Polverara,3400
042038,Polverigi,4587
050027,Pomarance,5314
001198,Pomaretto,966
077022,Pomarico,3772
022144,Pomarolo,2446
006131,Pomaro Monferrato,303
003121,Pombia,2148
058079,Pomezia,64199
063057,Pomigliano d'Arco,39811
063058,Pompei,23940
008044,Pompeiana,847
017146,Pompiano,3711
020043,Pomponesco,1692
095042,Pompu,219
017147,Poncarale,5184
096047,Ponderano,3720
013187,Ponna,234
050028,Ponsacco,15575
028067,Ponso,2400
048033,Pontassieve,20208
007050,Pontboset,172
001199,Pont Canavese,3017
062053,Ponte,2424
030076,Pontebba,1288
047016,Ponte Buggianese,8745
065099,Pontecagnano Faiano,26157
029038,Pontecchio Polesine,2217
004172,Pontechianale,183
060056,Pontecorvo,12374
006132,Pontecurone,3467
008045,Pontedassio,2363
033036,Ponte dell'Olio,4637
050029,Pontedera,29458
017148,Ponte di Legno,1739
026058,Ponte di Piave,8320
021065,Ponte Gardena/Waidbruck,201
014052,Ponte in Valtellina,2242
013188,Ponte Lambro,4235
062054,Pontelandolfo,2019
061061,Pontelatone,1533
028068,Pontelongo,3646
025040,Ponte nelle Alpi,7923
018117,Ponte Nizza,758
016168,Ponte Nossa,1707
033037,Pontenure,6538
016169,Ponteranica,6690
028069,Ponte San Nicolò,13214
016170,Ponte San Pietro,11722
006133,Pontestura,1325
017149,Pontevico,7001
007051,Pontey,790
006134,Ponti,514
016171,Pontida,3233
059017,Pontinia,15055
009051,Pontinvrea,794
016172,Pontirolo Nuovo,4895
020044,Ponti sul Mincio,2300
017150,Pontoglio,6949
045014,Pontremoli,6897
007052,Pont-Saint-Martin,3541
059018,Ponza,3296
109032,Ponzano di Fermo,1643
006135,Ponzano Monferrato,332
058080,Ponzano Romano,1217
026059,Ponzano Veneto,12995
006136,Ponzone,1001
068033,Popoli,4717
051031,Poppi,5817
055028,Porano,1923
046026,Porcari,8811
093032,Porcia,14994
093033,Pordenone,51842
013189,Porlezza,4888
008046,Pornassio,626
030077,Porpetto,2473
005087,Portacomaro,1905
018118,Portalbera,1450
001200,Porte,1094
022244,Porte di Rendena,1780
063059,Portici,52260
061062,Portico di Caserta,7747
040031,Portico e San Benedetto,722
080062,Portigliola,1075
049013,Porto Azzurro,3635
026060,Portobuffolè,742
070055,Portocannone,2343
012113,Porto Ceresio,2862
075097,Porto Cesareo,6380
084028,Porto Empedocle,15628
049014,Portoferraio,11821
010044,Portofino,355
027029,Portogruaro,24438
038019,Portomaggiore,11806
020045,Porto Mantovano,16668
089020,Portopalo di Capo Passero,3789
043042,Porto Recanati,12392
109033,Porto San Giorgio,15625
109034,Porto Sant'Elpidio,25765
111057,Portoscuso,4834
029039,Porto Tolle,9037
090058,Porto Torres,21202
012114,Porto Valtravaglia,2267
011022,Portovenere,3273
029052,Porto Viro,13751
096048,Portula,1126
091073,Posada,3029
024080,Posina,569
065100,Positano,3751
026061,Possagno,2255
057057,Posta,560
060057,Posta Fibreno,1027
021066,Postal/Burgstall,1997
014053,Postalesio,666
065101,Postiglione,2003
002102,Postua,552
076063,Potenza,64470
043043,Potenza Picena,15449
024081,Pove del Grappa,3177
026062,Povegliano,5105
023060,Povegliano Veronese,7343
035029,Poviglio,7097
030078,Povoletto,5439
057058,Pozzaglia Sabina,302
019077,Pozzaglio ed Uniti,1433
088008,Pozzallo,18952
094038,Pozzilli,2195
015177,Pozzo d'Adda,6560
017151,Pozzolengo,3584
024082,Pozzoleone,2770
006137,Pozzol Groppo,295
006138,Pozzolo Formigaro,4516
090059,Pozzomaggiore,2378
028070,Pozzonovo,3435
063060,Pozzuoli,76618
030079,Pozzuolo del Friuli,6883
015178,Pozzuolo Martesana,8581
016173,Pradalunga,4529
030080,Pradamano,3504
004173,Pradleves,237
001201,Pragelato,738
078101,Praia a Mare,6390
065102,Praiano,1983
017152,Pralboino,2798
001202,Prali,255
001203,Pralormo,1905
096049,Pralungo,2268
027030,Pramaggiore,4766
001204,Pramollo,218
002104,Prarolo,711
001205,Prarostino,1249
006139,Prasco,503
001206,Prascorsano,712
014054,Prata Camportaccio,2914
066074,Prata d'Ansidonia,438
093034,Prata di Pordenone,8325
064074,Prata di Principato Ultra,2713
061063,Prata Sannita,1367
061064,Pratella,1405
001207,Pratiglione,460
100005,Prato,196317
021067,Prato allo Stelvio/Prad am Stilfserjoch,3811
030081,Prato Carnico,844
066075,Pratola Peligna,7041
064075,Pratola Serra,3623
003122,Prato Sesia,1819
051041,Pratovecchio Stia,5441
093035,Pravisdomini,3444
096050,Pray,2004
004174,Prazzo,177
030082,Precenicco,1429
054043,Preci,682
022230,Predaia,6843
040032,Predappio,6306
022147,Predazzo,4506
021068,Predoi/Prettau,522
016174,Predore,1855
006140,Predosa,1900
026063,Preganziol,16789
015179,Pregnana Milanese,7297
008047,Prelà,471
097069,Premana,2172
030083,Premariacco,3915
103055,Premeno,768
103056,Premia,536
040033,Premilcuore,692
016175,Premolo,1061
103057,Premosello-Chiovenda,1837
030084,Preone,247
030085,Prepotto,707
007053,Pré-Saint-Didier,981
017153,Preseglie,1476
061065,Presenzano,1620
016176,Presezzo,4775
075098,Presicce-Acquarica,9246
023061,Pressana,2479
069069,Pretoro,860
017155,Prevalle,6801
066076,Prezza,871
004175,Priero,507
065103,Prignano Cilento,1098
036033,Prignano sulla Secchia,3794
097070,Primaluna,2263
022245,Primiero San Martino di Castrozza,5127
004176,Priocca,2059
004177,Priola,649
089021,Priolo Gargallo,11276
059019,Priverno,13774
082060,Prizzi,4177
056044,Proceno,521
063061,Procida,10118
010045,Propata,117
013192,Proserpio,951
059020,Prossedi,1139
017156,Provaglio d'Iseo,7139
017157,Provaglio Val Sabbia,872
021069,Proves/Proveis,253
070056,Provvidenti,107
004178,Prunetto,390
017158,Puegnago del Garda,3454
062055,Puglianello,1306
092050,Pula,7135
030086,Pulfero,838
073022,Pulsano,11142
016177,Pumenengo,1700
013193,Pusiano,1317
090060,Putifigari,674
072036,Putignano,25972
064076,Quadrelle,1834
069070,Quadri,699
001208,Quagliuzzo,331
063062,Qualiano,24661
005088,Quaranti,148
096087,Quaregna Cerreto,2037
006141,Quargnento,1348
103058,Quarna Sopra,240
103059,Quarna Sotto,380
002107,Quarona,3794
047017,Quarrata,26793
007054,Quart,4107
063063,Quarto,41385
027031,Quarto d'Altino,8044
092105,Quartucciu,12852
092051,Quartu Sant'Elena,68755
001209,Quassolo,330
006142,Quattordio,1468
035030,Quattro Castella,13123
025070,Quero Vas,3068
009052,Quiliano,6884
001210,Quincinetto,979
064077,Quindici,1782
020046,Quingentole,1033
019078,Quintano,907
026064,Quinto di Treviso,9987
002108,Quinto Vercellese,384
024083,Quinto Vicentino,5841
017159,Quinzano d'Oglio,6211
020047,Quistello,5304
022150,Rabbi,1355
075063,Racale,10757
084029,Racalmuto,7623
004179,Racconigi,9632
083069,Raccuja,864
021070,Racines/Ratschings,4600
052023,Radda in Chianti,1452
087036,Raddusa,2818
052024,Radicofani,1056
052025,Radicondoli,948
084030,Raffadali,11994
087058,Ragalna,4202
030087,Ragogna,2804
088009,Ragusa,73476
066077,Raiano,2636
087037,Ramacca,10251
012115,Rancio Valcuvia,929
012116,Ranco,1242
087038,Randazzo,10197
016178,Ranica,5900
016179,Ranzanico,1228
008048,Ranzo,560
109035,Rapagnano,1914
010046,Rapallo,29221
069071,Rapino,1171
052026,Rapolano Terme,5093
076064,Rapolla,4167
076065,Rapone,864
002110,Rassa,63
021071,Rasun-Anterselva/Rasen-Antholz,2906
014055,Rasura,288
084031,Ravanusa,10369
036034,Ravarino,6255
030088,Ravascletto,497
065104,Ravello,2395
039014,Ravenna,156050
030089,Raveo,445
061066,Raviscanina,1166
103060,Re,703
018119,Rea,383
084032,Realmonte,4405
030090,Reana del Rojale,4660
001211,Reano,1738
061067,Recale,7628
043044,Recanati,20708
010047,Recco,9412
003129,Recetto,967
024084,Recoaro Terme,5982
018120,Redavalle,1048
020048,Redondesco,1200
005089,Refrancore,1574
026065,Refrontolo,1711
086016,Regalbuto,6702
048035,Reggello,16499
080063,Reggio di Calabria,171181
035032,Reggiolo,9174
035033,Reggio nell'Emilia,170451
062056,Reino,1105
083070,Reitano,721
030091,Remanzacco,6022
017160,Remedello,3374
108037,Renate,3966
078102,Rende,36548
021072,Renon/Ritten,8054
026066,Resana,9419
015181,Rescaldina,14199
030092,Resia,916
030093,Resiutta,266
085014,Resuttano,1745
018121,Retorbido,1551
004180,Revello,4178
005090,Revigliasco d'Asti,735
026067,Revine Lago,2115
013195,Rezzago,303
017161,Rezzato,13375
008049,Rezzo,314
010048,Rezzoaglio,865
007055,Rhêmes-Notre-Dame,79
007056,Rhêmes-Saint-Georges,163
015182,Rho,50616
080064,Riace,1792
009053,Rialto,534
058081,Riano,10326
061068,Riardo,2247
084033,Ribera,17863
001212,Ribordone,50
102030,Ricadi,4978
006143,Ricaldone,613
070057,Riccia,4836
099013,Riccione,34514
011023,Riccò del Golfo di Spezia,3586
019079,Ricengo,1738
065105,Ricigliano,1052
026068,Riese Pio X,10933
085015,Riesi,10494
057059,Rieti,45422
021073,Rifiano/Riffian,1367
004181,Rifreddo,1044
058082,Rignano Flaminio,10117
071041,Rignano Garganico,1818
048036,Rignano sull'Arno,8525
030094,Rigolato,361
002113,Rimella,134
099014,Rimini,149681
049021,Rio,3348
021074,Rio di Pusteria/Mühlbach,3173
058083,Riofreddo,738
095043,Riola Sardo,2040
039015,Riolo Terme,5755
036035,Riolunato,663
011024,Riomaggiore,1332
076066,Rionero in Vulture,12522
094039,Rionero Sannitico,977
035034,Rio Saliceto,6012
070058,Ripabottoni,442
076067,Ripacandida,1563
070059,Ripalimosani,3028
019080,Ripalta Arpina,1029
019081,Ripalta Cremasca,3433
019082,Ripalta Guerina,551
050030,Riparbella,1590
069072,Ripa Teatina,3913
044063,Ripatransone,4073
043045,Ripe San Ginesio,804
060058,Ripi,5014
087039,Riposto,14041
004182,Rittana,104
022153,Riva del Garda,17829
038029,Riva del Po,7403
016180,Riva di Solto,867
001213,Rivalba,1143
008050,Riva Ligure,2807
006144,Rivalta Bormida,1374
001214,Rivalta di Torino,20224
025043,Rivamonte Agordino,622
018122,Rivanazzano Terme,5111
001215,Riva presso Chieri,4731
001216,Rivara,2494
001217,Rivarolo Canavese,12291
019083,Rivarolo del Re ed Uniti,1823
020050,Rivarolo Mantovano,2387
006145,Rivarone,392
001218,Rivarossa,1539
002115,Rive,450
030095,Rive d'Arcano,2351
076068,Rivello,2532
033038,Rivergaro,7056
030188,Rivignano Teor,6227
066078,Rivisondoli,667
057060,Rivodutri,1154
001219,Rivoli,47198
023062,Rivoli Veronese,2199
019084,Rivolta d'Adda,8220
080065,Rizziconi,7673
024085,Roana,4156
004183,Roaschia,92
004184,Roascio,90
002116,Roasio,2236
005091,Roatto,366
001220,Robassomero,3068
097071,Robbiate,6266
018123,Robbio,5765
015183,Robecchetto con Induno,4784
019085,Robecco d'Oglio,2247
018124,Robecco Pavese,520
015184,Robecco sul Naviglio,6783
005092,Robella,437
004185,Robilante,2128
004186,Roburent,474
064078,Roccabascerana,2330
101018,Roccabernarda,3147
034030,Roccabianca,2896
004187,Roccabruna,1522
001221,Rocca Canavese,1694
058084,Rocca Canterano,175
066079,Roccacasale,597
004188,Rocca Cigliè,122
005093,Rocca d'Arazzo,926
060059,Rocca d'Arce,884
065106,Roccadaspide,6935
004189,Rocca de' Baldi,1558
018125,Rocca de' Giorgi,50
061069,Rocca d'Evandro,3029
066080,Rocca di Botte,867
066081,Rocca di Cambio,496
058085,Rocca di Cave,351
066082,Rocca di Mezzo,1358
101019,Rocca di Neto,5330
058086,Rocca di Papa,17546
083071,Roccafiorita,173
044064,Roccafluvione,1854
080066,Roccaforte del Greco,342
006146,Roccaforte Ligure,129
004190,Roccaforte Mondovì,2076
073023,Roccaforzata,1765
017162,Roccafranca,4865
058087,Roccagiovine,257
065107,Roccagloriosa,1558
059021,Roccagorga,4172
006147,Rocca Grimalda,1405
078103,Rocca Imperiale,3208
053020,Roccalbegna,918
083072,Roccalumera,3949
094040,Roccamandolfi,844
059022,Rocca Massima,1063
082061,Roccamena,1341
061070,Roccamonfina,3178
069073,Roccamontepiano,1560
068034,Roccamorice,879
076069,Roccanova,1306
057061,Roccantica,544
082062,Roccapalumba,2209
066083,Rocca Pia,174
065108,Roccapiemonte,8715
025044,Rocca Pietore,1149
058088,Rocca Priora,12063
063065,Roccarainola,6581
066084,Roccaraso,1492
061071,Roccaromana,819
040036,Rocca San Casciano,1801
064079,Rocca San Felice,779
069074,Rocca San Giovanni,2277
067036,Rocca Santa Maria,471
058089,Rocca Santo Stefano,910
069075,Roccascalegna,1042
060060,Roccasecca,6855
059023,Roccasecca dei Volsci,1049
094041,Roccasicura,485
057062,Rocca Sinibalda,787
004191,Roccasparvera,744
069076,Roccaspinalveti,1182
053021,Roccastrada,8788
018126,Rocca Susella,224
083073,Roccavaldina,999
005094,Roccaverano,374
009054,Roccavignale,748
004192,Roccavione,2634
070060,Roccavivara,625
080067,Roccella Ionica,6145
083074,Roccella Valdemone,563
094042,Rocchetta a Volturno,1071
004193,Rocchetta Belbo,158
011025,Rocchetta di Vara,663
061072,Rocchetta e Croce,445
006148,Rocchetta Ligure,223
008051,Rocchetta Nervina,285
005095,Rocchetta Palafea,339
071042,Rocchetta Sant'Antonio,1694
005096,Rocchetta Tanaro,1355
015185,Rodano,4646
004194,Roddi,1539
004195,Roddino,405
004196,Rodello,977
021075,Rodengo/Rodeneck,1281
017163,Rodengo Saiano,9881
013197,Rodero,1270
071043,Rodi Garganico,3328
020051,Rodigo,5189
083075,Rodì Milici,1944
017164,Roè Volciano,4353
065109,Rofrano,1278
097072,Rogeno,3016
078104,Roggiano Gravina,6776
080068,Roghudi,940
078105,Rogliano,5220
018127,Rognano,672
016182,Rogno,3872
014056,Rogolo,573
058090,Roiate,645
069077,Roio del Sangro,102
007057,Roisan,1003
001222,Roletto,1970
035035,Rolo,4008
058091,Roma,2755309
065110,Romagnano al Monte,375
003130,Romagnano Sesia,3684
018128,Romagnese,570
090061,Romana,480
019086,Romanengo,3225
001223,Romano Canavese,2641
024086,Romano d'Ezzelino,14206
016183,Romano di Lombardia,20673
031015,Romans d'Isonzo,3629
102031,Rombiolo,4308
022155,Romeno,1452
003131,Romentino,5596
083076,Rometta,6573
013199,Ronago,1651
023063,Roncà,3792
026069,Roncade,14636
017165,Roncadelle,9263
018129,Roncaro,1570
022156,Roncegno Terme,2932
108055,Roncello,4786
031016,Ronchi dei Legionari,11802
030097,Ronchis,1929
022157,Ronchi Valsugana,449
056045,Ronciglione,8456
023064,Ronco all'Adige,5994
016184,Roncobello,435
096053,Ronco Biellese,1424
108038,Ronco Briantino,3601
001224,Ronco Canavese,273
020052,Roncoferraro,6842
040037,Roncofreddo,3423
016185,Roncola,858
010049,Ronco Scrivia,4156
010050,Rondanina,63
001225,Rondissone,1924
002118,Ronsecco,543
022135,Ronzo-Chienis,998
022159,Ronzone,473
096054,Roppolo,837
001226,Rorà,225
024087,Rosà,14639
080069,Rosarno,14439
018130,Rosasco,534
015188,Rosate,5748
096055,Rosazza,101
068035,Rosciano,4048
065111,Roscigno,628
078106,Rose,4141
069078,Rosello,167
078107,Roseto Capo Spulico,1887
067037,Roseto degli Abruzzi,25552
071044,Roseto Valfortore,997
049017,Rosignano Marittimo,30125
006149,Rosignano Monferrato,1418
029040,Rosolina,6203
089016,Rosolini,20602
042040,Rosora,1830
002121,Rossa,174
004197,Rossana,826
024088,Rossano Veneto,8198
010051,Rossiglione,2524
001228,Rosta,5099
016186,Rota d'Imagna,908
078109,Rota Greca,971
044065,Rotella,803
070061,Rotello,1099
076070,Rotonda,3184
077023,Rotondella,2440
064080,Rotondi,3382
033039,Rottofreno,12226
024089,Rotzo,642
001227,Roure,767
002122,Rovasenda,907
017166,Rovato,19375
010052,Rovegno,485
013201,Rovellasca,7982
013202,Rovello Porro,6267
020053,Roverbella,8737
023065,Roverchiara,2571
022160,Roverè della Luna,1624
023066,Roveredo di Guà,1640
093036,Roveredo in Piano,5826
022161,Rovereto,39922
023067,Roverè Veronese,2121
018131,Rovescala,803
016187,Rovetta,4105
058092,Roviano,1236
029041,Rovigo,50089
078110,Rovito,3015
028071,Rovolon,4916
015189,Rozzano,41370
028072,Rubano,16905
001229,Rubiana,2406
035036,Rubiera,14731
030098,Ruda,2785
017167,Rudiano,5917
001230,Rueglio,791
075064,Ruffano,9363
004198,Ruffia,355
022162,Ruffrè-Mendola,421
048037,Rufina,7110
095044,Ruinas,600
022163,Rumo,795
076071,Ruoti,3256
039016,Russi,12236
072037,Rutigliano,18306
065112,Rutino,768
061073,Ruviano,1709
076072,Ruvo del Monte,995
072038,Ruvo di Puglia,24394
059024,Sabaudia,19435
017168,Sabbio Chiese,4005
020054,Sabbioneta,4108
065113,Sacco,444
028073,Saccolongo,4924
093037,Sacile,19904
058093,Sacrofano,7377
111058,Sadali,843
095086,Sagama,191
096056,Sagliano Micca,1552
031017,Sagrado,2164
022164,Sagron Mis,182
007058,Saint-Christophe,3482
007059,Saint-Denis,362
007060,Saint-Marcel,1308
007061,Saint-Nicolas,327
007062,Saint-Oyen,200
007063,Saint-Pierre,3260
007064,Saint-Rhémy-en-Bosses,334
007065,Saint-Vincent,4459
034031,Sala Baganza,5895
096057,Sala Biellese,560
037050,Sala Bolognese,8414
013203,Sala Comacina,485
065114,Sala Consilina,12244
006150,Sala Monferrato,332
077024,Salandra,2529
081017,Salaparuta,1564
029042,Salara,1043
002126,Salasco,206
001231,Salassa,1824
001232,Salbertrand,606
024090,Salcedo,1015
070062,Salcito,630
006151,Sale,3885
004199,Sale delle Langhe,477
017169,Sale Marasino,3260
081018,Salemi,10001
065115,Salento,1770
001233,Salerano Canavese,466
098046,Salerano sul Lambro,2643
065116,Salerno,127485
004200,Sale San Giovanni,150
026070,Salgareda,6574
075065,Salice Salentino,7741
004201,Saliceto,1162
057063,Salisano,474
002127,Sali Vercellese,98
023068,Salizzole,3755
068036,Salle,272
004202,Salmour,711
017170,Salò,10441
021076,Salorno sulla strada del vino/Salurn an der Weinstraße,3790
034032,Salsomaggiore Terme,20054
012117,Saltrio,2975
099015,Saludecio,3083
002128,Saluggia,3789
096058,Salussola,1870
004203,Saluzzo,17492
075066,Salve,4557
019087,Salvirola,1149
065117,Salvitelle,483
001234,Salza di Pinerolo,67
064081,Salza Irpina,719
027032,Salzano,12828
012118,Samarate,16042
111059,Samassi,4803
111060,Samatzai,1534
084034,Sambuca di Sicilia,5357
047018,Sambuca Pistoiese,1446
058094,Sambuci,829
004204,Sambuco,87
072039,Sammichele di Bari,6031
080070,Samo,718
014057,Samolaco,2883
022165,Samone,545
001235,Samone,1490
004205,Sampeyre,998
095045,Samugheo,2757
075067,Sanarica,1480
008052,San Bartolomeo al Mare,2967
062057,San Bartolomeo in Galdo,4361
013204,San Bartolomeo Val Cavargna,963
078111,San Basile,933
111061,San Basilio,1124
019088,San Bassano,2099
029043,San Bellino,1018
004206,San Benedetto Belbo,151
066085,San Benedetto dei Marsi,3707
044066,San Benedetto del Tronto,47075
066086,San Benedetto in Perillis,99
020055,San Benedetto Po,6663
078112,San Benedetto Ullano,1381
037051,San Benedetto Val di Sambro,4200
001236,San Benigno Canavese,6068
103061,San Bernardino Verbano,1246
008053,San Biagio della Cima,1227
026071,San Biagio di Callalta,12681
084035,San Biagio Platani,2862
060061,San Biagio Saracinisco,303
070063,San Biase,131
023069,San Bonifacio,21454
069079,San Buono,861
102032,San Calogero,3907
021077,San Candido/Innichen,3366
031018,San Canzian d'Isonzo,6019
001237,San Carlo Canavese,4039
052027,San Casciano dei Bagni,1495
048038,San Casciano in Val di Pesa,16492
075095,San Cassiano,1959
085016,San Cataldo,20952
058119,San Cesareo,16045
075068,San Cesario di Lecce,7904
036036,San Cesario sul Panaro,6607
076073,San Chirico Nuovo,1177
076074,San Chirico Raparo,927
082063,San Cipirello,4976
061074,San Cipriano d'Aversa,13225
065118,San Cipriano Picentino,6537
018133,San Cipriano Po,458
099016,San Clemente,5731
015191,San Colombano al Lambro,7291
001238,San Colombano Belmonte,353
010053,San Colombano Certenoli,2627
087040,San Cono,2434
078113,San Cosmo Albanese,584
076075,San Costantino Albanese,594
102033,San Costantino Calabro,2065
041051,San Costanzo,4557
006152,San Cristoforo,535
018134,San Damiano al Colle,621
005097,San Damiano d'Asti,8074
004207,San Damiano Macra,411
030099,San Daniele del Friuli,7913
019089,San Daniele Po,1252
078114,San Demetrio Corone,3064
066087,San Demetrio ne' Vestini,1901
001239,San Didero,508
096059,Sandigliano,2558
074013,San Donaci,6184
027033,San Donà di Piave,41620
075069,San Donato di Lecce,5436
078115,San Donato di Ninea,1108
015192,San Donato Milanese,32142
060062,San Donato Val di Comino,1885
032004,San Dorligo della Valle-Dolina,5684
024091,Sandrigo,8260
076076,San Fele,2606
061075,San Felice a Cancello,16900
059025,San Felice Circeo,10163
017171,San Felice del Benaco,3465
070064,San Felice del Molise,550
036037,San Felice sul Panaro,10726
080097,San Ferdinando,4335
110007,San Ferdinando di Puglia,13671
013206,San Fermo della Battaglia,7806
078116,San Fili,2496
083077,San Filippo del Mela,6741
026072,San Fior,6814
098047,San Fiorano,1870
031019,San Floriano del Collio,729
079108,San Floro,687
001240,San Francesco al Campo,4843
083078,San Fratello,3273
004208,Sanfrè,3037
004209,Sanfront,2269
001241,Sangano,3666
111062,San Gavino Monreale,8072
055029,San Gemini,4737
021079,San Genesio Atesino/Jenesien,3035
018135,San Genesio ed Uniti,4005
063066,San Gennaro Vesuviano,12080
001242,San Germano Chisone,1715
002131,San Germano Vercellese,1542
017172,San Gervasio Bresciano,2680
070065,San Giacomo degli Schiavoni,1368
020056,San Giacomo delle Segnate,1491
014058,San Giacomo Filippo,367
002035,San Giacomo Vercellese,274
012141,Sangiano,1461
001243,San Gillio,3244
052028,San Gimignano,7493
043046,San Ginesio,3085
078117,Sangineto,1241
063067,San Giorgio a Cremano,42597
078118,San Giorgio Albanese,1314
060063,San Giorgio a Liri,3012
020057,San Giorgio Bigarello,11830
001244,San Giorgio Canavese,2518
093038,San Giorgio della Richinvelda,4554
028075,San Giorgio delle Pertiche,10102
062058,San Giorgio del Sannio,9745
018136,San Giorgio di Lomellina,986
030100,San Giorgio di Nogaro,7297
037052,San Giorgio di Piano,9381
028076,San Giorgio in Bosco,6377
073024,San Giorgio Ionico,14253
062059,San Giorgio La Molara,2778
077025,San Giorgio Lucano,1049
006153,San Giorgio Monferrato,1205
080071,San Giorgio Morgeto,2952
033040,San Giorgio Piacentino,5547
005098,San Giorgio Scarampi,93
015194,San Giorgio su Legnano,6737
001245,San Giorio di Susa,976
030101,San Giovanni al Natisone,6023
065119,San Giovanni a Piro,3605
016188,San Giovanni Bianco,4607
020058,San Giovanni del Dosso,1257
022250,San Giovanni di Fassa-Sèn Jan,3567
080072,San Giovanni di Gerace,412
084036,San Giovanni Gemini,7538
023070,San Giovanni Ilarione,4878
060064,San Giovanni Incarico,3058
019090,San Giovanni in Croce,1902
078119,San Giovanni in Fiore,15920
070066,San Giovanni in Galdo,518
099017,San Giovanni in Marignano,9429
037053,San Giovanni in Persiceto,27779
087041,San Giovanni la Punta,23763
069080,San Giovanni Lipioni,135
023071,San Giovanni Lupatoto,25380
071046,San Giovanni Rotondo,26261
111063,San Giovanni Suergiu,5644
069081,San Giovanni Teatino,14358
051033,San Giovanni Valdarno,16588
070067,San Giuliano del Sannio,975
070068,San Giuliano di Puglia,983
015195,San Giuliano Milanese,39604
050031,San Giuliano Terme,30701
082064,San Giuseppe Jato,8082
063068,San Giuseppe Vesuviano,30217
054044,San Giustino,11080
001246,San Giusto Canavese,3251
048039,San Godenzo,1051
058095,San Gregorio da Sassola,1437
087042,San Gregorio di Catania,11506
102034,San Gregorio d'Ippona,2515
065120,San Gregorio Magno,3958
061076,San Gregorio Matese,873
025045,San Gregorio nelle Alpi,1564
023072,Sanguinetto,4158
037054,San Lazzaro di Savena,32662
099025,San Leo,2825
030102,San Leonardo,1028
021080,San Leonardo in Passiria/St. Leonhard in Passeier,3616
062060,San Leucio del Sannio,2946
062061,San Lorenzello,2110
080073,San Lorenzo,2213
008054,San Lorenzo al Mare,1218
078120,San Lorenzo Bellizzi,538
078121,San Lorenzo del Vallo,3109
021081,San Lorenzo di Sebato/St. Lorenzen,3844
022231,San Lorenzo Dorsino,1577
041054,San Lorenzo in Campo,3164
031020,San Lorenzo Isontino,1518
062062,San Lorenzo Maggiore,1896
056047,San Lorenzo Nuovo,2013
080074,San Luca,3435
078122,San Lucido,6397
062063,San Lupo,712
111067,Sanluri,8132
079110,San Mango d'Aquino,1448
065121,San Mango Piemonte,2607
064082,San Mango sul Calore,1091
061077,San Marcellino,14772
042041,San Marcello,1996
047024,San Marcello Piteglio,7626
078123,San Marco Argentano,6951
083079,San Marco d'Alunzio,1782
062064,San Marco dei Cavoti,2985
061104,San Marco Evangelista,6430
071047,San Marco in Lamis,12661
071048,San Marco la Catola,879
005099,San Martino Alfieri,677
093039,San Martino al Tagliamento,1457
023073,San Martino Buon Albergo,16266
001247,San Martino Canavese,796
076077,San Martino d'Agri,657
020059,San Martino dall'Argine,1587
019091,San Martino del Lago,388
078124,San Martino di Finita,968
028077,San Martino di Lupari,13225
029044,San Martino di Venezze,3723
021082,San Martino in Badia/St. Martin in Thurn,1757
021083,San Martino in Passiria/St. Martin in Passeier,3259
070069,San Martino in Pensilis,4522
035037,San Martino in Rio,8212
098048,San Martino in Strada,3744
062065,San Martino Sannita,1189
018137,San Martino Siccomario,6295
069082,San Martino sulla Marrucina,835
064083,San Martino Valle Caudina,4775
073025,San Marzano di San Giuseppe,8888
005100,San Marzano Oliveto,1000
065122,San Marzano sul Sarno,10254
070070,San Massimo,816
001248,San Maurizio Canavese,10276
003133,San Maurizio d'Opaglio,2957
082065,San Mauro Castelverde,1345
065123,San Mauro Cilento,842
023074,San Mauro di Saline,577
077026,San Mauro Forte,1267
065124,San Mauro la Bruca,543
101020,San Mauro Marchesato,1921
040041,San Mauro Pascoli,12219
001249,San Mauro Torinese,18564
022167,San Michele all'Adige,4051
027034,San Michele al Tagliamento,11422
087043,San Michele di Ganzaria,2890
064084,San Michele di Serino,2419
004210,San Michele Mondovì,1812
074014,San Michele Salentino,6089
050032,San Miniato,27732
062066,San Nazzaro,841
018138,Sannazzaro de' Burgondi,5095
003134,San Nazzaro Sesia,712
013207,San Nazzaro Val Cavargna,276
072040,Sannicandro di Bari,9589
071049,San Nicandro Garganico,13802
075070,Sannicola,5588
078125,San Nicola Arcella,1954
064085,San Nicola Baronia,758
102035,San Nicola da Crissa,1212
101021,San Nicola dell'Alto,709
061078,San Nicola la Strada,22159
062067,San Nicola Manfredi,3497
095046,San Nicolò d'Arcidano,2490
025046,San Nicolò di Comelico,390
111064,San Nicolò Gerrei,721
074015,San Pancrazio Salentino,9305
021084,San Pancrazio/St. Pankraz,1528
017138,San Paolo,4429
076020,San Paolo Albanese,210
063069,San Paolo Bel Sito,3381
016189,San Paolo d'Argon,5856
071050,San Paolo di Civitate,5457
042042,San Paolo di Jesi,897
005101,San Paolo Solbrito,1161
016190,San Pellegrino Terme,4652
031021,San Pier d'Isonzo,1973
083080,San Pier Niceto,2589
083081,San Piero Patti,2586
030103,San Pietro al Natisone,2070
065125,San Pietro al Tanagro,1649
079114,San Pietro a Maida,3786
079115,San Pietro Apostolo,1530
094043,San Pietro Avellana,418
087044,San Pietro Clarenza,8335
025047,San Pietro di Cadore,1497
080075,San Pietro di Caridà,1001
026073,San Pietro di Feletto,5131
023075,San Pietro di Morubio,3053
078126,San Pietro in Amantea,491
023076,San Pietro in Cariano,12971
037055,San Pietro in Casale,12849
033041,San Pietro in Cerro,772
061079,San Pietro Infine,838
028078,San Pietro in Gu,4204
078127,San Pietro in Guarano,3373
075071,San Pietro in Lama,3386
003135,San Pietro Mosezzo,1985
024094,San Pietro Mussolino,1543
001250,San Pietro Val Lemina,1469
074016,San Pietro Vernotico,13028
028079,San Pietro Viminario,3040
066088,San Pio delle Camere,657
058096,San Polo dei Cavalieri,2770
035038,San Polo d'Enza,6131
026074,San Polo di Piave,4891
070071,San Polo Matese,476
001251,San Ponso,238
036038,San Possidonio,3500
061080,San Potito Sannitico,1968
064086,San Potito Ultra,1475
061081,San Prisco,12118
080076,San Procopio,482
036039,San Prospero,6081
052030,San Quirico d'Orcia,2581
093040,San Quirino,4247
001252,San Raffaele Cimena,3138
008055,Sanremo,52974
080077,San Roberto,1528
098049,San Rocco al Porto,3345
046027,San Romano in Garfagnana,1339
065126,San Rufo,1612
083082,San Salvatore di Fitalia,1129
006154,San Salvatore Monferrato,4013
062068,San Salvatore Telesino,3853
069083,San Salvo,19717
063070,San Sebastiano al Vesuvio,8691
006155,San Sebastiano Curone,536
001253,San Sebastiano da Po,1872
001254,San Secondo di Pinerolo,3641
034033,San Secondo Parmense,5844
051034,Sansepolcro,15169
076078,San Severino Lucano,1371
043047,San Severino Marche,11899
071051,San Severo,49481
013248,San Siro,1683
064087,San Sossio Baronia,1494
079116,San Sostene,1409
078128,San Sosti,1889
111065,San Sperate,8419
027036,San Stino di Livenza,12691
016191,Santa Brigida,524
078129,Santa Caterina Albanese,1131
079117,Santa Caterina dello Ionio,1929
085017,Santa Caterina Villarmosa,4668
075072,Santa Cesarea Terme,2812
080078,Santa Cristina d'Aspromonte,764
018139,Santa Cristina e Bissone,1845
082066,Santa Cristina Gela,997
021085,Santa Cristina Valgardena/St. Christina in Gröden,1988
088010,Santa Croce Camerina,10998
062069,Santa Croce del Sannio,869
070072,Santa Croce di Magliano,3967
050033,Santa Croce sull'Arno,14733
111068,Santadi,3170
078130,Santa Domenica Talao,1125
083083,Santa Domenica Vittoria,851
084037,Santa Elisabetta,2189
053022,Santa Fiora,2504
082067,Santa Flavia,11023
094044,Sant'Agapito,1377
037056,Sant'Agata Bolognese,7308
062070,Sant'Agata de' Goti,10305
080079,Sant'Agata del Bianco,568
078131,Sant'Agata di Esaro,1689
083084,Sant'Agata di Militello,11883
071052,Sant'Agata di Puglia,1804
099026,Sant'Agata Feltria,1953
006156,Sant'Agata Fossili,364
087045,Sant'Agata li Battiati,9351
039017,Sant'Agata sul Santerno,2901
018140,Santa Giuletta,1565
095047,Santa Giusta,4643
025048,Santa Giustina,6616
028080,Santa Giustina in Colle,7132
063071,Sant'Agnello,8667
004211,Sant'Albano Stura,2369
018141,Sant'Alessio con Vialone,1032
080080,Sant'Alessio in Aspromonte,308
083085,Sant'Alessio Siculo,1552
087046,Sant'Alfio,1509
050034,Santa Luce,1626
083086,Santa Lucia del Mela,4382
026075,Santa Lucia di Piave,9193
064088,Santa Lucia di Serino,1382
084038,Santa Margherita di Belice,6058
018142,Santa Margherita di Staffora,437
010054,Santa Margherita Ligure,8521
050035,Santa Maria a Monte,13376
061082,Santa Maria a Vico,14289
061083,Santa Maria Capua Vetere,31977
090087,Santa Maria Coghinas,1303
078132,Santa Maria del Cedro,5008
018143,Santa Maria della Versa,2240
094045,Santa Maria del Molise,643
087047,Santa Maria di Licodia,7514
027035,Santa Maria di Sala,17417
097074,Santa Maria Hoè,2123
069084,Santa Maria Imbaro,2014
063090,Santa Maria la Carità,11703
061084,Santa Maria la Fossa,2580
030104,Santa Maria la Longa,2327
103062,Santa Maria Maggiore,1286
042043,Santa Maria Nuova,3961
065127,Santa Marina,3232
083087,Santa Marina Salina,858
058097,Santa Marinella,18428
001255,Sant'Ambrogio di Torino,4604
023077,Sant'Ambrogio di Valpolicella,11902
060065,Sant'Ambrogio sul Garigliano,874
061085,San Tammaro,5739
063072,Sant'Anastasia,26270
054045,Sant'Anatolia di Narco,501
079118,Sant'Andrea Apostolo dello Ionio,1706
060066,Sant'Andrea del Garigliano,1296
064089,Sant'Andrea di Conza,1414
111069,Sant'Andrea Frius,1692
062071,Sant'Angelo a Cupolo,4075
065128,Sant'Angelo a Fasanella,500
064090,Sant'Angelo all'Esca,736
064091,Sant'Angelo a Scala,706
061086,Sant'Angelo d'Alife,2065
064092,Sant'Angelo dei Lombardi,3861
094046,Sant'Angelo del Pesco,320
083088,Sant'Angelo di Brolo,2764
028082,Sant'Angelo di Piove di Sacco,7365
043048,Sant'Angelo in Pontano,1249
041057,Sant'Angelo in Vado,3890
076079,Sant'Angelo Le Fratte,1300
070073,Sant'Angelo Limosano,302
098050,Sant'Angelo Lodigiano,13397
018144,Sant'Angelo Lomellina,812
084039,Sant'Angelo Muxaro,1160
058098,Sant'Angelo Romano,4914
081019,Santa Ninfa,4789
111070,Sant'Anna Arresi,2620
023078,Sant'Anna d'Alfaedo,2574
063073,Sant'Antimo,32486
111071,Sant'Antioco,10668
001256,Sant'Antonino di Susa,4076
063074,Sant'Antonio Abate,19084
090085,Sant'Antonio di Gallura,1432
064093,Santa Paolina,1166
060067,Sant'Apollinare,1820
076080,Sant'Arcangelo,6012
099018,Santarcangelo di Romagna,22177
062078,Sant'Arcangelo Trimonte,477
061087,Sant'Arpino,15027
065129,Sant'Arsenio,2667
101022,Santa Severina,1906
040043,Santa Sofia,4032
078133,Santa Sofia d'Epiro,2172
083089,Santa Teresa di Riva,9352
090063,Santa Teresa Gallura,5036
087048,Santa Venerina,8448
004212,Santa Vittoria d'Alba,2881
109036,Santa Vittoria in Matenano,1190
067038,Sant'Egidio alla Vibrata,9749
065130,Sant'Egidio del Monte Albino,8802
028083,Sant'Elena,2518
094047,Sant'Elena Sannita,293
070074,Sant'Elia a Pianisi,1562
060068,Sant'Elia Fiumerapido,5690
109037,Sant'Elpidio a Mare,16543
066089,Sante Marie,1080
001257,Santena,10444
090092,San Teodoro,5035
083090,San Teodoro,1242
072041,Santeramo in Colle,25754
068037,Sant'Eufemia a Maiella,259
080081,Sant'Eufemia d'Aspromonte,3725
069085,Sant'Eusanio del Sangro,2270
066090,Sant'Eusanio Forconese,364
002133,Santhià,8120
059026,Santi Cosma e Damiano,6893
080082,Sant'Ilario dello Ionio,1335
035039,Sant'Ilario d'Enza,11300
041058,Sant'Ippolito,1474
010055,Sant'Olcese,5568
025049,San Tomaso Agordino,599
065131,Santomenna,400
067039,Sant'Omero,5113
016252,Sant'Omobono Terme,3879
102036,Sant'Onofrio,2826
060069,Santopadre,1184
058099,Sant'Oreste,3471
024095,Santorso,5581
022168,Sant'Orsola Terme,1115
008056,Santo Stefano al Mare,2007
004213,Santo Stefano Belbo,3800
010056,Santo Stefano d'Aveto,996
064095,Santo Stefano del Sole,2069
025050,Santo Stefano di Cadore,2344
083091,Santo Stefano di Camastra,4355
011026,Santo Stefano di Magra,9865
078134,Santo Stefano di Rogliano,1723
066091,Santo Stefano di Sessanio,114
080083,Santo Stefano in Aspromonte,1050
098051,Santo Stefano Lodigiano,1847
084040,Santo Stefano Quisquina,4077
004214,Santo Stefano Roero,1333
015200,Santo Stefano Ticino,5004
095049,Santu Lussurgiu,2217
028084,Sant'Urbano,1903
068038,San Valentino in Abruzzo Citeriore,1833
065132,San Valentino Torio,10843
055030,San Venanzo,2185
026076,San Vendemiano,9861
095050,San Vero Milis,2423
049018,San Vincenzo,6470
078135,San Vincenzo La Costa,1988
066092,San Vincenzo Valle Roveto,2090
063075,San Vitaliano,6542
111066,San Vito,3428
093041,San Vito al Tagliamento,15210
030105,San Vito al Torre,1205
069086,San Vito Chietino,5191
074017,San Vito dei Normanni,18112
025051,San Vito di Cadore,1940
030106,San Vito di Fagagna,1670
024096,San Vito di Leguzzano,3584
081020,San Vito Lo Capo,4813
058100,San Vito Romano,3076
079122,San Vito sullo Ionio,1617
060070,San Vittore del Lazio,2420
015201,San Vittore Olona,8215
065133,Sanza,2396
022169,Sanzeno,924
023079,San Zeno di Montagna,1459
017173,San Zeno Naviglio,4674
015202,San Zenone al Lambro,4420
018145,San Zenone al Po,549
026077,San Zenone degli Ezzelini,7339
028085,Saonara,10512
083092,Saponara,3687
030189,Sappada,1313
065134,Sapri,6381
078136,Saracena,3396
058101,Saracinesco,169
024097,Sarcedo,5311
076081,Sarconi,1401
111072,Sardara,3811
006157,Sardigliano,380
024098,Sarego,6747
021086,Sarentino/Sarntal,7192
006158,Sarezzano,1106
017174,Sarezzo,13161
033042,Sarmato,2904
026078,Sarmede,2962
043049,Sarnano,3044
016193,Sarnico,6774
065135,Sarno,30643
022170,Sarnonico,788
012119,Saronno,38507
007066,Sarre,4826
092066,Sarroch,5048
040044,Sarsina,3316
052031,Sarteano,4485
018146,Sartirana Lomellina,1475
091077,Sarule,1527
011027,Sarzana,21696
065136,Sassano,4663
090064,Sassari,121409
009055,Sassello,1693
049019,Sassetta,473
062072,Sassinoro,645
041071,Sassocorvaro Auditore,4866
076082,Sasso di Castalda,733
099031,Sassofeltrio,1352
042044,Sassoferrato,6856
037057,Sasso Marconi,14788
036040,Sassuolo,40830
079123,Satriano,3369
076083,Satriano di Lucania,2280
030107,Sauris,389
001258,Sauze di Cesana,241
001259,Sauze d'Oulx,1015
073026,Sava,15379
101023,Savelli,1057
063076,Saviano,15867
004215,Savigliano,21642
064096,Savignano Irpino,1006
036041,Savignano sul Panaro,9586
040045,Savignano sul Rubicone,17889
010057,Savignone,3012
017175,Saviore dell'Adamello,795
083093,Savoca,1728
030108,Savogna,357
031022,Savogna d'Isonzo,1705
076084,Savoia di Lucania,1009
009056,Savona,58403
068039,Scafa,3495
065137,Scafati,48201
004216,Scagnello,173
065138,Scala,1498
078137,Scala Coeli,804
018147,Scaldasole,866
078138,Scalea,11225
001260,Scalenghe,3201
083094,Scaletta Zanclea,1843
064097,Scampitella,1037
101024,Scandale,2860
035040,Scandiano,25729
048041,Scandicci,49499
019092,Scandolara Ravara,1312
019093,Scandolara Ripa d'Oglio,511
057064,Scandriglia,3218
066093,Scanno,1697
095051,Scano di Montiferro,1404
053023,Scansano,4328
077031,Scanzano Jonico,7528
016194,Scanzorosciate,9939
094048,Scapoli,587
053024,Scarlino,3749
001261,Scarmagno,793
004217,Scarnafigi,2109
048053,Scarperia e San Piero,12017
021087,Scena/Schenna,3032
069087,Scerni,2968
054046,Scheggia e Pascelupo,1238
054047,Scheggino,446
069088,Schiavi di Abruzzo,643
024099,Schiavon,2618
013211,Schignano,870
016195,Schilpario,1130
024100,Schio,38647
020060,Schivenoglia,1097
084041,Sciacca,39026
082068,Sciara,2525
088011,Scicli,26901
080084,Scido,811
078139,Scigliano,1102
080085,Scilla,4528
082081,Scillato,593
001262,Sciolze,1449
063077,Scisciano,6196
082069,Sclafani Bagni,374
066094,Scontrone,534
002134,Scopa,372
002135,Scopello,375
066095,Scoppito,3752
087049,Scordia,16094
075073,Scorrano,6657
027037,Scorzè,19025
066096,Scurcola Marsicana,2681
022171,Scurelle,1339
005103,Scurzolengo,506
008057,Seborga,277
066097,Secinaro,316
075074,Seclì,1824
098052,Secugnago,1967
030109,Sedegliano,3665
025053,Sedico,10131
095052,Sedilo,1955
090065,Sedini,1247
015204,Sedriano,12783
016196,Sedrina,2331
043050,Sefro,433
111073,Segariu,1112
053025,Seggiano,1007
058102,Segni,8962
022172,Segonzano,1369
015205,Segrate,36961
026079,Segusino,1794
092068,Selargius,28504
057065,Selci,1114
111074,Selegas,1283
022246,Sella Giudicarie,2904
054048,Sellano,972
017176,Sellero,1387
079126,Sellia,477
079127,Sellia Marina,7625
021088,Selva dei Molini/Mühlwald,1401
025054,Selva di Cadore,501
023080,Selva di Progno,904
021089,Selva di Val Gardena/Wolkenstein in Gröden,2600
028086,Selvazzano Dentro,22893
016197,Selvino,2000
090066,Semestene,130
018148,Semiana,196
080086,Seminara,2474
053028,Semproniano,965
015206,Senago,21417
021118,Senale-San Felice/Unsere Liebe Frau im Walde-St. Felix,774
021091,Senales/Schnals,1238
095053,Seneghe,1643
064098,Senerchia,734
017177,Seniga,1409
042045,Senigallia,44203
095054,Senis,406
076085,Senise,6549
013212,Senna Comasco,3140
098053,Senna Lodigiana,1763
095055,Sennariolo,156
090067,Sennori,6876
111075,Senorbì,4793
070075,Sepino,1806
093042,Sequals,2170
046028,Seravezza,12395
111076,Serdiana,2659
108039,Seregno,45014
025055,Seren del Grappa,2328
019094,Sergnano,3529
016198,Seriate,25321
016199,Serina,2040
064099,Serino,6716
017178,Serle,3081
020061,Sermide e Felonica,7129
059027,Sermoneta,10045
026080,Sernaglia della Battaglia,6053
014059,Sernio,489
005104,Serole,101
071053,Serracapriola,3634
078140,Serra d'Aiello,527
042046,Serra de' Conti,3562
085018,Serradifalco,5516
004218,Serralunga d'Alba,527
006159,Serralunga di Crea,503
111077,Serramanna,8610
036042,Serramazzoni,8655
065139,Serramezzana,271
068040,Serramonacesca,507
043051,Serrapetrona,897
063078,Serrara Fontana,3078
010058,Serra Riccò,7550
102037,Serra San Bruno,6303
042047,Serra San Quirico,2537
041061,Serra Sant'Abbondio,905
079129,Serrastretta,2925
080087,Serrata,797
020062,Serravalle a Po,1433
043052,Serravalle di Chienti,1037
004219,Serravalle Langhe,315
047020,Serravalle Pistoiese,11764
006160,Serravalle Scrivia,5900
002137,Serravalle Sesia,4738
065140,Serre,3683
111078,Serrenti,4541
111079,Serri,613
060071,Serrone,2995
079130,Sersale,4255
109038,Servigliano,2177
061088,Sessa Aurunca,20254
065141,Sessa Cilento,1163
005105,Sessame,241
094049,Sessano del Molise,668
011028,Sesta Godano,1274
051035,Sestino,1196
093043,Sesto al Reghena,6333
012120,Sesto Calende,11019
094050,Sesto Campano,2148
019095,Sesto ed Uniti,3234
048043,Sesto Fiorentino,48895
036043,Sestola,2409
015209,Sesto San Giovanni,79143
021092,Sesto/Sexten,1837
001263,Sestriere,927
010059,Sestri Levante,17374
092074,Sestu,20811
015210,Settala,7344
060072,Settefrati,713
005106,Settime,550
015211,Settimo Milanese,19977
001264,Settimo Rottaro,470
092075,Settimo San Pietro,6913
001265,Settimo Torinese,45853
001266,Settimo Vittone,1509
079131,Settingiano,3271
111080,Setzu,131
111081,Seui,1153
111082,Seulo,782
108040,Seveso,23943
006161,Sezzadio,1153
059028,Sezze,23747
022173,Sfruz,365
032005,Sgonico,1998
060073,Sgurgola,2377
095056,Siamaggiore,870
095057,Siamanna,766
065142,Siano,9424
095076,Siapiccia,347
065143,Sicignano degli Alburni,3063
084042,Siculiana,4165
111083,Siddi,583
080088,Siderno,17620
052032,Siena,52974
054049,Sigillo,2335
048044,Signa,18919
021093,Silandro/Schlanders,6293
091083,Silanus,1984
026081,Silea,10350
090068,Siligo,791
111084,Siliqua,3565
111085,Silius,1034
046037,Sillano Giuncugnano,990
003138,Sillavengo,550
006162,Silvano d'Orba,1895
018149,Silvano Pietra,632
067040,Silvi,15381
095058,Simala,284
095059,Simaxis,2136
102038,Simbario,899
079133,Simeri Crichi,4727
083095,Sinagra,2474
052033,Sinalunga,12110
091084,Sindia,1586
095060,Sini,441
004220,Sinio,468
091085,Siniscola,11194
092080,Sinnai,17227
080089,Sinopoli,1863
089017,Siracusa,116635
064100,Sirignano,2849
095061,Siris,227
017179,Sirmione,8288
042048,Sirolo,4098
097075,Sirone,2319
097076,Sirtori,2799
034049,Sissa Trecasali,7868
111086,Siurgus Donigala,1824
018150,Siziano,6544
003139,Sizzano,1366
021094,Sluderno/Schluderns,1849
109039,Smerillo,334
023081,Soave,7154
030110,Socchieve,875
095078,Soddì,123
040046,Sogliano al Rubicone,3137
075075,Sogliano Cavour,3877
005107,Soglio,139
017180,Soiano del Lago,1926
024101,Solagna,1797
089018,Solarino,7574
015213,Solaro,13915
039018,Solarolo,4389
019096,Solarolo Rainerio,907
095062,Solarussa,2283
012121,Solbiate Arno,4027
013255,Solbiate con Cagno,4646
012122,Solbiate Olona,5378
008058,Soldano,980
111087,Soleminis,1869
006163,Solero,1572
028087,Solesino,6754
075076,Soleto,5181
020063,Solferino,2613
036044,Soliera,15489
034035,Solignano,1713
064101,Solofra,12074
006164,Solonghello,196
062073,Solopaca,3493
016200,Solto Collina,1803
016251,Solza,1977
098054,Somaglia,3813
004221,Somano,302
023082,Sommacampagna,14488
012123,Somma Lombardo,17797
004222,Sommariva del Bosco,6288
004223,Sommariva Perno,2691
085019,Sommatino,6404
063079,Somma Vesuviana,33721
018151,Sommo,1140
023083,Sona,17586
019097,Soncino,7512
014060,Sondalo,3913
014061,Sondrio,21130
016201,Songavazzo,709
017181,Sonico,1204
059029,Sonnino,7383
060074,Sora,24937
022176,Soraga di Fassa,702
034036,Soragna,4748
053026,Sorano,3041
034051,Sorbolo Mezzani,12818
079134,Sorbo San Basile,754
064102,Sorbo Serpico,535
096063,Sordevolo,1299
098055,Sordio,3422
019098,Soresina,8847
023084,Sorgà,2938
091086,Sorgono,1491
010060,Sori,4004
102039,Sorianello,1100
102040,Soriano Calabro,2320
056048,Soriano nel Cimino,7959
013216,Sorico,1245
003140,Soriso,724
016202,Sorisole,8872
013217,Sormano,650
095063,Sorradile,344
063080,Sorrento,15457
090069,Sorso,14434
089019,Sortino,8249
019099,Sospiro,3036
025056,Sospirolo,3072
024102,Sossano,4150
096064,Sostegno,731
016203,Sotto il Monte Giovanni XXIII,4372
022177,Sover,772
079137,Soverato,8641
016204,Sovere,5262
079138,Soveria Mannelli,2844
079139,Soveria Simeri,1445
025057,Soverzene,368
052034,Sovicille,9869
108041,Sovico,8317
024103,Sovizzo,7460
025058,Sovramonte,1297
003141,Sozzago,1087
083096,Spadafora,4686
102041,Spadola,793
061089,Sparanise,7200
001267,Sparone,940
075077,Specchia,4576
054050,Spello,8274
086017,Sperlinga,675
059030,Sperlonga,3062
064103,Sperone,3617
018152,Spessa,547
078142,Spezzano Albanese,6581
078143,Spezzano della Sila,4237
022179,Spiazzo,1270
006165,Spigno Monferrato,901
059031,Spigno Saturnia,2858
036045,Spilamberto,12857
093044,Spilimbergo,11838
102042,Spilinga,1356
019100,Spinadesco,1456
110008,Spinazzola,5937
027038,Spinea,27729
019101,Spineda,612
070076,Spinete,1173
044071,Spinetoli,7223
006166,Spineto Scrivia,381
019102,Spino d'Adda,6902
016205,Spinone al Lago,982
076086,Spinoso,1317
016206,Spirano,5655
054051,Spoleto,36360
068041,Spoltore,19038
075078,Spongano,3471
022180,Spormaggiore,1260
022181,Sporminore,714
009057,Spotorno,3453
026082,Spresiano,12270
014062,Spriana,82
079142,Squillace,3522
075079,Squinzano,13373
042049,Staffolo,2089
019103,Stagno Lombardo,1415
080090,Staiti,185
079143,Stalettì,2367
028088,Stanghella,4113
031023,Staranzano,7145
073029,Statte,12957
006167,Stazzano,2298
046030,Stazzema,2877
013218,Stazzona,598
102043,Stefanaconi,2334
009058,Stella,2981
065144,Stella Cilento,670
009059,Stellanello,841
021095,Stelvio/Stilfs,1137
022182,Stenico,1161
075080,Sternatia,2156
016207,Stezzano,13521
029045,Stienta,3102
077027,Stigliano,3586
080091,Stignano,1178
080092,Stilo,2352
057066,Stimigliano,2185
090089,Stintino,1535
065145,Stio,775
071054,Stornara,5776
071055,Stornarella,5257
022183,Storo,4501
027039,Stra,7530
018153,Stradella,11455
001268,Strambinello,261
001269,Strambino,6053
060075,Strangolagalli,2305
030111,Stregna,288
022184,Strembo,596
103064,Stresa,4609
006168,Strevi,1932
063081,Striano,8884
096065,Strona,949
055031,Stroncone,4625
101025,Strongoli,6178
002142,Stroppiana,1185
004224,Stroppo,101
016208,Strozza,1111
064104,Sturno,2750
018154,Suardi,576
051037,Subbiano,6299
058103,Subiaco,8488
061090,Succivo,8743
097077,Sueglio,143
111088,Suelli,1070
097078,Suello,1749
016209,Suisio,3794
108042,Sulbiate,4460
066098,Sulmona,22200
017182,Sulzano,1940
012124,Sumirago,5993
064105,Summonte,1522
095087,Suni,977
003143,Suno,2691
075081,Supersano,4162
060076,Supino,4613
075082,Surano,1525
075083,Surbo,14669
001270,Susa,5911
026083,Susegana,11796
020064,Sustinente,1997
085020,Sutera,1187
056049,Sutri,6673
030112,Sutrio,1222
049020,Suvereto,2961
020065,Suzzara,21048
097079,Taceno,568
095064,Tadasuni,138
008059,Taggia,13795
066099,Tagliacozzo,6435
029046,Taglio di Po,7935
006169,Tagliolo Monferrato,1494
025059,Taibon Agordino,1726
012125,Taino,3626
030113,Taipana,566
099027,Talamello,1068
014063,Talamona,4590
091088,Talana,955
016210,Taleggio,531
051038,Talla,986
030114,Talmassons,3857
025060,Tambre,1299
083097,Taormina,10501
057067,Tarano,1387
069089,Taranta Peligna,309
004225,Tarantasca,2192
073027,Taranto,188310
030116,Tarcento,8902
056050,Tarquinia,16026
078145,Tarsia,1823
014064,Tartano,195
030117,Tarvisio,3969
026084,Tarzo,4190
006170,Tassarolo,589
064106,Taurano,1486
064107,Taurasi,2163
080093,Taurianova,14870
075084,Taurisano,11298
030118,Tavagnacco,14692
001271,Tavagnasco,746
098056,Tavazzano con Villavesco,5910
070077,Tavenna,603
079146,Taverna,2531
013222,Tavernerio,5639
016211,Tavernola Bergamasca,1929
017183,Tavernole sul Mella,1203
075085,Taviano,11511
096066,Tavigliano,929
041064,Tavoleto,830
041065,Tavullia,7906
076087,Teana,523
061091,Teano,11302
065146,Teggiano,7077
014065,Teglio,4528
027040,Teglio Veneto,2263
062074,Telese Terme,7651
016212,Telgate,5001
090080,Telti,2231
022188,Telve,1908
022189,Telve di Sopra,611
090070,Tempio Pausania,13238
017184,Temù,1131
022190,Tenna,1062
022191,Tenno,2007
028089,Teolo,8871
064108,Teora,1453
067041,Teramo,51650
003144,Terdobbiate,441
060077,Terelle,303
021096,Terento/Terenten,1778
034038,Terenzo,1151
090086,Tergu,607
021097,Terlano/Terlan,4828
072043,Terlizzi,26144
021098,Termeno sulla strada del vino/Tramin an der Weinstraße,3359
083106,Terme Vigliatore,7215
082070,Termini Imerese,24961
070078,Termoli,32262
012126,Ternate,2481
096067,Ternengo,256
055032,Terni,106793
016213,Terno d'Isola,8008
059032,Terracina,44807
022193,Terragnolo,709
095065,Terralba,9734
078146,Terranova da Sibari,4601
098057,Terranova dei Passerini,935
076088,Terranova di Pollino,1015
080094,Terranova Sappo Minulio,442
051039,Terranuova Bracciolini,11958
082071,Terrasini,12862
028090,Terrassa Padovana,2672
078147,Terravecchia,579
023085,Terrazzo,2134
022251,Terre d'Adige,3052
038028,Terre del Reno,9991
041070,Terre Roveresche,5180
050036,Terricciola,4446
006171,Terruggia,882
091089,Tertenia,3867
063082,Terzigno,17318
006172,Terzo,821
030120,Terzo d'Aquileia,2749
022195,Terzolas,632
008060,Terzorio,230
022196,Tesero,2966
021099,Tesimo/Tisens,1981
056051,Tessennano,281
009060,Testico,183
091090,Teti,595
111089,Teulada,3256
061092,Teverola,14771
024104,Tezze sul Brenta,13014
024105,Thiene,23835
090071,Thiesi,2777
091091,Tiana,435
019104,Ticengo,420
006173,Ticineto,1316
075086,Tiggiano,2762
010061,Tiglieto,472
005108,Tigliole,1710
017185,Tignale,1158
095088,Tinnura,246
066100,Tione degli Abruzzi,264
022199,Tione di Trento,3673
014066,Tirano,8848
021100,Tires/Tiers,993
079147,Tiriolo,3582
021101,Tirolo/Tirol,2465
090072,Tissi,2339
076089,Tito,7118
058104,Tivoli,55020
034039,Tizzano Val Parma,2134
035041,Toano,4147
062075,Tocco Caudio,1443
068042,Tocco da Casauria,2410
103065,Toceno,724
054052,Todi,15698
057068,Toffia,1076
009061,Toirano,2685
043053,Tolentino,17933
058105,Tolfa,4763
096068,Tollegno,2344
069090,Tollo,3903
030121,Tolmezzo,9836
076090,Tolve,2954
028091,Tombolo,8158
022200,Ton,1284
091093,Tonara,1755
005109,Tonco,753
024106,Tonezza del Cimone,500
061093,Tora e Piccilli,767
078148,Torano Castello,4364
067042,Torano Nuovo,1469
017186,Torbole Casaglia,6440
022202,Torcegno,695
065147,Torchiara,1837
074018,Torchiarolo,5274
064109,Torella dei Lombardi,1968
070079,Torella del Sannio,709
054053,Torgiano,6597
007067,Torgnon,556
001272,Torino,847398
069091,Torino di Sangro,2900
072044,Toritto,8050
019105,Torlino Vimercati,477
003146,Tornaco,858
069092,Tornareccio,1659
019106,Tornata,419
066101,Tornimparte,2810
013223,Torno,1090
034040,Tornolo,911
070080,Toro,1242
091094,Torpè,2705
065148,Torraca,1200
090073,Torralba,888
018155,Torrazza Coste,1560
001273,Torrazza Piemonte,3017
096069,Torrazzo,202
063083,Torre Annunziata,40318
030122,Torreano,2047
024107,Torrebelvicino,5839
018156,Torre Beretti e Castellaro,495
016214,Torre Boldone,8713
004226,Torre Bormida,168
069093,Torrebruna,698
060078,Torre Cajetani,1295
001274,Torre Canavese,630
062076,Torrecuso,3243
018157,Torre d'Arese,925
016215,Torre de' Busi,2231
063084,Torre del Greco,80712
018158,Torre de' Negri,322
068043,Torre de' Passeri,2850
019107,Torre de' Picenardi,2121
016216,Torre de' Roveri,2557
027041,Torre di Mosto,4816
079148,Torre di Ruggiero,951
014067,Torre di Santa Maria,734
018159,Torre d'Isola,2408
028092,Torreglia,6015
083098,Torregrotta,7282
064110,Torre Le Nocelle,1198
071056,Torremaggiore,16531
004227,Torre Mondovì,515
083108,Torrenova,4489
065149,Torre Orsaia,1987
016217,Torre Pallavicina,1137
001275,Torre Pellice,4574
004228,Torre San Giorgio,720
109040,Torre San Patrizio,1884
074019,Torre Santa Susanna,10138
004229,Torresina,49
082072,Torretta,4300
018160,Torrevecchia Pia,3525
069094,Torrevecchia Teatina,4216
060079,Torrice,4703
073028,Torricella,4138
019108,Torricella del Pizzo,581
057069,Torricella in Sabina,1279
069095,Torricella Peligna,1125
067043,Torricella Sicura,2424
018161,Torricella Verzate,796
023086,Torri del Benaco,2920
024108,Torri di Quartesolo,11712
010062,Torriglia,2224
057070,Torri in Sabina,1209
034041,Torrile,7756
064111,Torrioni,459
052035,Torrita di Siena,6969
058106,Torrita Tiberina,1084
091095,Tortolì,10985
006174,Tortona,26465
078149,Tortora,6011
065150,Tortorella,480
067044,Tortoreto,11830
083099,Tortorici,5709
030123,Torviscosa,2604
017187,Toscolano-Maderno,7582
067045,Tossicia,1241
014068,Tovo di Sant'Agata,620
009062,Tovo San Giacomo,2539
082073,Trabia,10574
012127,Tradate,18899
095066,Tramatza,932
022203,Trambileno,1475
065151,Tramonti,4132
093045,Tramonti di Sopra,276
093046,Tramonti di Sotto,326
076091,Tramutola,2922
001276,Trana,3778
110009,Trani,55063
014069,Traona,2850
081021,Trapani,55816
082074,Trappeto,3062
103066,Trarego Viggiona,392
066102,Trasacco,5821
030124,Trasaghis,2082
103067,Trasquera,179
111090,Tratalias,1021
018162,Travacò Siccomario,4439
017188,Travagliato,13782
012128,Travedona-Monate,3945
001278,Traversella,311
034042,Traversetolo,9591
001279,Traves,503
093047,Travesio,1785
033043,Travo,2197
028093,Trebaseleghe,12967
078150,Trebisacce,8641
063091,Trecase,8554
087050,Trecastagni,11296
042050,Trecastelli,7517
003149,Trecate,20597
076092,Trecchina,2163
029047,Trecenta,2568
040049,Tredozio,1115
069096,Treglio,1739
023087,Tregnago,5017
043054,Treia,9019
004230,Treiso,769
087051,Tremestieri Etneo,19599
013252,Tremezzina,4994
017189,Tremosine,2069
065152,Trentinara,1582
022205,Trento,118277
061094,Trentola Ducenta,20412
017190,Trenzano,5480
030126,Treppo Grande,1717
030191,Treppo Ligosullo,681
075087,Trepuzzi,13914
052036,Trequanda,1167
045015,Tresana,1956
016218,Trescore Balneario,9814
019109,Trescore Cremasco,2838
038030,Tresignana,6962
014070,Tresivio,2025
095067,Tresnuraghes,1020
023088,Trevenzuolo,2756
054054,Trevi,8076
064112,Trevico,841
016219,Treviglio,30793
026085,Trevignano,10694
058107,Trevignano Romano,5870
006175,Treville,260
022247,Tre Ville,1365
060080,Trevi nel Lazio,1731
016220,Treviolo,10795
026086,Treviso,84897
017191,Treviso Bresciano,511
015219,Trezzano Rosa,5379
015220,Trezzano sul Naviglio,21520
013226,Trezzone,238
015221,Trezzo sull'Adda,11966
004231,Trezzo Tinella,294
028094,Tribano,4207
015222,Tribiano,3721
010063,Tribogna,583
077028,Tricarico,4773
075088,Tricase,17085
002147,Tricerro,671
030127,Tricesimo,7586
091097,Triei,1056
032006,Trieste,199032
072046,Triggiano,25897
019110,Trigolo,1635
004232,Trinità,2235
090074,Trinità d'Agultu e Vignola,2239
110010,Trinitapoli,13845
002148,Trino,6659
008061,Triora,374
083100,Tripi,746
006176,Trisobbio,652
024110,Trissino,8641
108043,Triuggio,8690
070081,Trivento,4360
060081,Trivigliano,1618
030128,Trivignano Udinese,1555
076093,Trivigno,569
018163,Trivolzio,2386
021102,Trodena nel parco naturale/Truden im Naturpark,1037
001280,Trofarello,10581
071058,Troia,6690
086018,Troina,8555
018164,Tromello,3630
103068,Trontano,1643
012129,Tronzano Lago Maggiore,229
002150,Tronzano Vercellese,3291
102044,Tropea,5853
018165,Trovo,1005
015224,Truccazzano,5813
021103,Tubre/Taufers im Münstertal,952
070082,Tufara,793
069097,Tufillo,336
063085,Tufino,3390
064113,Tufo,773
075089,Tuglie,5034
111091,Tuili,930
090075,Tula,1439
054055,Tuoro sul Trasimeno,3733
057071,Turania,235
098058,Turano Lodigiano,1519
013227,Turate,9709
015226,Turbigo,7066
072047,Turi,12981
111092,Turri,376
031024,Turriaco,2765
068044,Turrivalignani,779
077029,Tursi,4742
083101,Tusa,2586
056052,Tuscania,8223
016221,Ubiale Clanezzo,1330
012130,Uboldo,10826
083102,Ucria,911
030129,Udine,98040
075090,Ugento,12007
075091,Uggiano la Chiesa,4319
013228,Uggiate-Trevano,5145
091098,Ulassai,1371
095068,Ulà Tirso,463
021104,Ultimo/Ulten,2886
054056,Umbertide,16338
101026,Umbriatico,742
017192,Urago d'Oglio,3755
095069,Uras,2675
028095,Urbana,2016
041066,Urbania,6855
009063,Urbe,643
041067,Urbino,13749
043055,Urbisaglia,2408
016222,Urgnano,9987
090076,Uri,2826
070083,Ururi,2440
091099,Urzulei,1094
010064,Uscio,2128
095070,Usellus,710
090077,Usini,4219
108044,Usmate Velate,10557
111093,Ussana,4027
111094,Ussaramanna,489
091100,Ussassai,448
001281,Usseaux,175
001282,Usseglio,189
043056,Ussita,368
082075,Ustica,1314
092090,Uta,8814
047021,Uzzano,5592
078152,Vaccarizzo Albanese,1000
057072,Vacone,233
069098,Vacri,1516
021105,Vadena/Pfatten,1096
009064,Vado Ligure,8036
048046,Vaglia,5173
076094,Vaglio Basilicata,1875
005111,Vaglio Serra,267
046031,Vagli Sotto,834
100006,Vaiano,9932
019111,Vaiano Cremasco,3527
001283,Vaie,1383
019112,Vailate,4638
061095,Vairano Patenora,6339
093052,Vajont,1635
016223,Valbondione,957
016253,Val Brembilla,4140
016224,Valbrembo,4310
024125,Valbrenta,4857
010065,Valbrevenna,743
013229,Valbrona,2606
001318,Valchiusa,990
024111,Valdagno,25652
022232,Valdaone,1152
021106,Valdaora/Olang,3182
024112,Valdastico,1156
001284,Val della Torre,3979
096071,Valdengo,2391
081022,Valderice,11440
001317,Val di Chy,1243
014071,Valdidentro,4173
004233,Valdieri,908
096088,Valdilana,10098
083103,Valdina,1265
018166,Val di Nizza,561
014072,Valdisotto,3585
021107,Val di Vizze/Pfitsch,3101
025073,Val di Zoldo,2770
026087,Valdobbiadene,9986
002152,Valduggia,1858
018167,Valeggio,183
023089,Valeggio sul Mincio,15993
056053,Valentano,2768
006177,Valenza,18065
072048,Valenzano,17346
098059,Valera Fratta,1755
054057,Valfabbrica,3214
005112,Valfenera,2401
022209,Valfloriana,473
043058,Valfornace,909
014073,Valfurva,2490
012131,Valganna,1578
001285,Valgioie,950
016225,Valgoglio,578
004234,Valgrana,810
097082,Valgreghentino,3374
007068,Valgrisenche,191
086019,Valguarnera Caropepe,6956
025062,Vallada Agordina,464
096072,Vallanzengo,203
022210,Vallarsa,1393
064114,Vallata,2518
061096,Valle Agricola,754
021108,Valle Aurina/Ahrntal,5950
008062,Vallebona,1227
103079,Valle Cannobina,461
067046,Valle Castellana,874
060082,Vallecorsa,2413
008063,Vallecrosia,6729
065153,Valle dell'Angelo,219
025063,Valle di Cadore,1858
021109,Valle di Casies/Gsies,2319
061097,Valle di Maddaloni,2643
082076,Valledolmo,3183
090079,Valledoria,4301
079151,Vallefiorita,1499
041068,Vallefoglia,14950
022248,Vallelaghi,5205
018168,Valle Lomellina,2089
102045,Vallelonga,752
085021,Vallelunga Pratameno,3103
060083,Vallemaio,892
058108,Vallepietra,239
056054,Vallerano,2412
111095,Vallermosa,1806
060084,Vallerotonda,1401
064115,Vallesaccarda,1243
018169,Valle Salimbene,1455
096074,Valle San Nicolao,856
016226,Valleve,124
024113,Valli del Pasubio,3051
058109,Vallinfreda,290
024123,Val Liona,3082
017193,Vallio Terme,1406
065154,Vallo della Lucania,8010
054058,Vallo di Nera,346
004235,Valloriate,96
001286,Vallo Torinese,782
006178,Valmacca,969
097083,Valmadrera,11154
014074,Val Masino,839
058110,Valmontone,15674
013232,Valmorea,2610
034044,Valmozzola,536
016227,Valnegra,210
007069,Valpelline,595
001287,Valperga,2974
001288,Valprato Soana,89
013233,Val Rezzo,168
037061,Valsamoggia,31660
007070,Valsavarenche,161
077030,Valsinni,1343
013234,Valsolda,1409
103069,Valstrona,1167
054059,Valtopina,1282
016229,Valtorta,243
007071,Valtournenche,2183
065155,Valva,1550
097093,Valvarrone,494
093053,Valvasone Arzene,3963
087052,Valverde,7828
017194,Valvestino,167
021110,Vandoies/Vintl,3313
015249,Vanzaghello,5287
015229,Vanzago,9335
103070,Vanzone con San Carlo,389
015230,Vaprio d'Adda,9540
003153,Vaprio d'Agogna,965
002156,Varallo,6920
003154,Varallo Pombia,4971
012132,Varano Borghi,2472
034045,Varano de' Melegari,2578
080095,Varapodio,2005
009065,Varazze,12560
057073,Varco Sabino,169
108045,Varedo,13800
097084,Varenna,691
012133,Varese,78807
011029,Varese Ligure,1792
001289,Varisella,823
030130,Varmo,2653
021111,Varna/Vahrn,4994
034046,Varsi,1123
018171,Varzi,3015
103071,Varzo,1962
056055,Vasanello,3984
008064,Vasia,372
069099,Vasto,40766
094051,Vastogirardi,627
001290,Vauda Canavese,1428
102046,Vazzano,957
026088,Vazzola,6770
050037,Vecchiano,11859
108046,Vedano al Lambro,7516
012134,Vedano Olona,7305
026089,Vedelago,16468
016230,Vedeseta,192
108047,Veduggio con Colzano,4137
028096,Veggiano,4826
075092,Veglie,13367
096075,Veglio,460
056056,Vejano,2147
013236,Veleso,208
018172,Velezzo Lomellina,92
058111,Velletri,52655
018173,Vellezzo Bellini,3398
024115,Velo d'Astico,2233
023090,Velo Veronese,782
021116,Velturno/Feldthurns,3037
094052,Venafro,10873
001292,Venaria Reale,32303
044073,Venarotta,1894
004237,Venasca,1333
001291,Venaus,873
009066,Vendone,358
012136,Venegono Inferiore,5967
012137,Venegono Superiore,7337
083104,Venetico,3952
027042,Venezia,250913
013238,Veniano,3084
076095,Venosa,10931
035046,Ventasso,3943
064116,Venticano,2283
008065,Ventimiglia,22923
082077,Ventimiglia di Sicilia,1821
059033,Ventotene,704
030131,Venzone,1939
108048,Verano Brianza,9147
021112,Verano/Vöran,991
103072,Verbania,30015
078153,Verbicaro,2640
013239,Vercana,745
014075,Verceia,1065
002158,Vercelli,45399
097086,Vercurago,2732
016232,Verdellino,7573
016233,Verdello,8130
097091,Verderio,5505
004238,Verduno,567
037059,Vergato,7581
040050,Verghereto,1772
012138,Vergiate,8650
015251,Vermezzo con Zelo,5890
022213,Vermiglio,1776
004239,Vernante,1102
033044,Vernasca,2013
015236,Vernate,3358
011030,Vernazza,730
100007,Vernio,6157
075093,Vernole,6729
017195,Verolanuova,8056
017196,Verolavecchia,3814
001293,Verolengo,4815
060085,Veroli,19662
023091,Verona,256049
023092,Veronella,5157
007072,Verrayes,1294
007073,Verrès,2541
018174,Verretto,368
096076,Verrone,1168
018175,Verrua Po,1194
001294,Verrua Savoia,1330
013242,Vertemate con Minoprio,4141
016234,Vertova,4400
099020,Verucchio,10062
014076,Vervio,200
030132,Verzegnis,848
101027,Verzino,1582
004240,Verzuolo,6407
028097,Vescovana,1724
019113,Vescovato,3864
005113,Vesime,602
003158,Vespolate,2050
008066,Vessalico,257
023093,Vestenanova,2487
001295,Vestignè,739
017197,Vestone,4145
056057,Vetralla,13297
035042,Vetto,1792
004241,Vezza d'Alba,2343
017198,Vezza d'Oglio,1465
011031,Vezzano Ligure,7158
035043,Vezzano sul Crostolo,4340
009067,Vezzi Portio,800
020066,Viadana,19836
016235,Viadanica,1129
087053,Viagrande,8900
005114,Viale,244
001296,Vialfrè,253
035044,Viano,3392
046033,Viareggio,60890
005115,Viarigi,853
065156,Vibonati,3214
102047,Vibo Valentia,31177
060086,Vicalvi,726
082078,Vicari,2438
048049,Vicchio,8037
024116,Vicenza,110283
071059,Vico del Gargano,7298
063086,Vico Equense,20317
004242,Vicoforte,3176
068045,Vicoli,381
003159,Vicolungo,849
060087,Vico nel Lazio,2064
050038,Vicopisano,8579
058112,Vicovaro,3564
090082,Viddalba,1596
018176,Vidigulfo,6720
026090,Vidor,3701
001298,Vidracco,475
071060,Vieste,13398
076096,Vietri di Potenza,2660
065157,Vietri sul Mare,7193
097090,Viganò,2084
016236,Vigano San Martino,1336
038022,Vigarano Mainarda,7625
023094,Vigasio,10244
018177,Vigevano,62388
076097,Viggianello,2689
076098,Viggiano,3248
012139,Viggiù,5168
028098,Vighizzolo d'Este,865
096077,Vigliano Biellese,7564
005116,Vigliano d'Asti,811
006179,Vignale Monferrato,912
056058,Vignanello,4291
015237,Vignate,9227
036046,Vignola,25899
022216,Vignola-Falesina,189
006180,Vignole Borbera,2031
004243,Vignolo,2681
103074,Vignone,1195
028099,Vigodarzere,13159
025065,Vigo di Cadore,1350
016237,Vigolo,571
033045,Vigolzone,4200
001299,Vigone,5058
027043,Vigonovo,9854
028100,Vigonza,23090
006181,Viguzzolo,3025
023095,Villa Bartolomea,5824
046034,Villa Basilica,1477
021113,Villabassa/Niederdorf,1614
082079,Villabate,19675
018178,Villa Biscossi,65
017199,Villa Carcina,10633
074020,Villa Castelli,9067
068046,Villa Celiera,556
017200,Villachiara,1362
111096,Villacidro,13210
046035,Villa Collemandina,1202
015248,Villa Cortese,6175
016238,Villa d'Adda,4636
016239,Villa d'Almè,6503
006182,Villadeati,482
096078,Villa del Bosco,309
028101,Villa del Conte,5579
061098,Villa di Briano,7365
014077,Villa di Chiavenna,948
016240,Villa di Serio,6642
014078,Villa di Tirano,2991
016241,Villa d'Ogna,1768
029048,Villadose,4718
103075,Villadossola,6162
028102,Villa Estense,2095
004244,Villafalletto,2875
008067,Villa Faraldi,446
005117,Villafranca d'Asti,2941
023096,Villafranca di Verona,33047
045016,Villafranca in Lunigiana,4557
028103,Villafranca Padovana,10508
001300,Villafranca Piemonte,4608
084043,Villafranca Sicula,1332
083105,Villafranca Tirrena,8058
082080,Villafrati,3107
024117,Villaga,1894
091101,Villagrande Strisaili,2947
013245,Villa Guardia,7860
022222,Villa Lagarina,3888
066103,Villalago,513
060088,Villa Latina,1144
085022,Villalba,1415
069100,Villalfonsina,894
061099,Villa Literno,12519
006183,Villalvernia,864
069101,Villamagna,2163
064117,Villamaina,910
111097,Villamar,2438
029049,Villamarzana,1123
111098,Villamassargia,3367
035045,Villa Minozzo,3484
006184,Villamiroglio,295
021114,Villandro/Villanders,1904
096079,Villanova Biellese,177
001301,Villanova Canavese,1198
009068,Villanova d'Albenga,2761
018179,Villanova d'Ardenghi,745
005118,Villanova d'Asti,5503
064118,Villanova del Battista,1472
029050,Villanova del Ghebbo,2013
098060,Villanova del Sillaro,1844
028104,Villanova di Camposampiero,6172
111100,Villanovaforru,583
111101,Villanovafranca,1190
029051,Villanova Marchesana,875
004245,Villanova Mondovì,5860
006185,Villanova Monferrato,1726
090078,Villanova Monteleone,2098
004246,Villanova Solaro,751
033046,Villanova sull'Arda,1669
095071,Villanova Truschedu,286
111099,Villanova Tulo,1005
018180,Villanterio,3340
017201,Villanuova sul Clisi,5818
111102,Villaperuccio,1007
078154,Villapiana,5463
111103,Villaputzu,4435
001302,Villarbasse,3528
002163,Villarboit,381
001303,Villar Dora,2791
001304,Villareggia,993
001305,Villar Focchiardo,1951
063087,Villaricca,31453
006186,Villaromagnano,646
086020,Villarosa,4402
001306,Villar Pellice,1060
001307,Villar Perosa,3885
004247,Villar San Costanzo,1550
111104,Villasalto,955
080096,Villa San Giovanni,12787
056046,Villa San Giovanni in Tuscia,1203
092099,Villa San Pietro,2156
005119,Villa San Secondo,368
108049,Villasanta,14149
060089,Villa Santa Lucia,2503
066104,Villa Santa Lucia degli Abruzzi,90
069102,Villa Santa Maria,1143
066105,Villa Sant'Angelo,490
095048,Villa Sant'Antonio,330
030133,Villa Santina,2136
060090,Villa Santo Stefano,1616
111105,Villasimius,3689
111106,Villasor,6618
111107,Villaspeciosa,2575
001308,Villastellone,4436
002164,Villata,1514
095072,Villaurbana,1468
066106,Villavallelonga,831
095073,Villa Verde,277
024118,Villaverla,6032
022249,Ville d'Anaunia,4716
022254,Ville di Fiemme,2644
007074,Villeneuve,1268
031025,Villesse,1617
066107,Villetta Barrea,600
103076,Villette,274
020068,Villimpenta,2110
016242,Villongo,8106
026091,Villorba,17609
016243,Vilminore di Scalve,1435
108050,Vimercate,25922
015242,Vimodrone,16724
004248,Vinadio,583
070084,Vinchiaturo,3369
005120,Vinchio,546
048050,Vinci,14467
001309,Vinovo,15219
003164,Vinzaglio,517
004249,Viola,371
017202,Vione,623
021115,Vipiteno/Sterzing,6929
001310,Virle Piemonte,1162
017203,Visano,1982
001311,Vische,1186
063088,Visciano,4161
030135,Visco,828
006187,Visone,1141
043057,Visso,963
018181,Vistarino,1573
001312,Vistrorio,534
081023,Vita,1815
056059,Viterbo,66178
060091,Viticuso,304
093049,Vito d'Asio,720
056060,Vitorchiano,5245
088012,Vittoria,63435
026092,Vittorio Veneto,27241
066108,Vittorito,805
015243,Vittuone,9253
062077,Vitulano,2755
061100,Vitulazio,7653
001313,Viù,1039
093050,Vivaro,1318
058113,Vivaro Romano,159
096080,Viverone,1359
087054,Vizzini,5717
012140,Vizzola Ticino,588
015244,Vizzolo Predabissi,3894
028105,Vo',3268
017204,Vobarno,8306
010066,Vobbia,373
002166,Vocca,155
025066,Vodo Cadore,822
018182,Voghera,38710
038023,Voghiera,3562
103077,Vogogna,1692
022224,Volano,3106
063089,Volla,25576
019114,Volongo,468
026093,Volpago del Montello,10048
018183,Volpara,126
006188,Volpedo,1152
006189,Volpeglino,132
001314,Volpiano,15240
006190,Voltaggio,656
025067,Voltago Agordino,811
020070,Volta Mantovana,7220
050039,Volterra,9559
019115,Voltido,335
071061,Volturara Appula,380
064119,Volturara Irpina,2966
071062,Volturino,1552
001315,Volvera,8497
004250,Vottignasco,491
102048,Zaccanopoli,665
087055,Zafferana Etnea,9351
079157,Zagarise,1428
058114,Zagarolo,18449
102049,Zambrone,1783
016244,Zandobbio,2710
024119,Zanè,6601
016245,Zanica,8703
071064,Zapponeta,3289
018184,Zavattarello,885
018185,Zeccone,1719
095074,Zeddiani,1130
013246,Zelbio,188
098061,Zelo Buon Persico,7407
018186,Zeme,994
018187,Zenevredo,494
026094,Zenson di Piave,1744
033047,Zerba,71
018188,Zerbo,379
018189,Zerbolò,1632
095075,Zerfaliu,1000
045017,Zeri,940
024120,Zermeghedo,1332
026095,Zero Branco,11602
023097,Zevio,15587
022226,Ziano di Fiemme,1757
033048,Ziano Piacentino,2440
015247,Zibido San Giacomo,6767
011032,Zignago,463
023098,Zimella,4862
096081,Zimone,394
018190,Zinasco,3067
010067,Zoagli,2378
036047,Zocca,4642
016246,Zogno,8546
037060,Zola Predosa,19242
075094,Zollino,1853
017205,Zone,1021
025069,Zoppè di Cadore,195
093051,Zoppola,8308
024121,Zovencedo,802
096082,Zubiena,1157
009069,Zuccarello,282
024122,Zugliano,6864
030136,Zuglio,541
096083,Zumaglia,978
078155,Zumpano,2634
064120,Zungoli,944
102050,Zungri,1847
